0,27,7,-59,0,0,100,0,251,121,13,16,0,-6,-132,0,0,100,0,103,0,40,140,0,-6,-70,0,0,100,0,56,68,19,18,0,-12,-71,0,0,100,0,4,111,29,50,0,-58,-124,0,1,100,0,517,0,79,45,0,9,-69,0,0,100,0,265,56,36,16,0,6,-59,0,0,100,0,298,0,45,34,0,-20,-118,0,0,100,0,70,36,33,22,0,-38,-89,0,1,100,0,144,17,57,29,0,-30,-76,0,0,100,0,0,52,34,13,0,-38,-118,0,0,100,0,0,0,44,51,0,-39,-124,0,0,100,0,45,34,24,30,0,-3,-40,0,0,100,0,36,69,13,25,0,-29,-63,0,0,100,0,146,146,26,25,0,-22,-69,0,0,100,0,0,65,34,41,0,1,-87,0,0,100,0,303,64,61,37,0,-53,-65,0,0,100,0,382,593,27,23,0,-49,-52,0,0,100,0,415,596,21,18,0,-35,-55,0,0,100,0,466,594,20,17,0,-27,-44,0,0,100,0,153,181,52,50,0,-80,-36,0,0,100,0,599,0,63,44,0,15,-39,0,0,100,0,148,934,23,37,0,2,-89,0,0,100,0,0,417,85,93,0,-95,-121,0,0,100,0,250,604,66,52,0,-68,-137,0,0,100,0,9,527,142,62,0,-80,-6,0,0,100,0,141,0,61,14,0,-30,-6,0,0,100,0,141,0,61,14,0,
0,27,8,-59,0,0,100,0,251,121,13,16,0,-5,-132,0,0,100,0,103,0,40,140,0,-6,-70,0,0,100,0,56,68,19,18,0,-12,-70,0,0,100,0,4,111,29,50,0,-51,-120,0,1,100,0,525,47,73,43,0,9,-69,0,0,100,0,264,73,36,20,0,7,-58,0,0,100,0,344,0,44,33,0,-20,-118,0,0,100,0,70,36,33,22,0,-38,-90,0,1,100,0,145,47,57,31,0,-30,-76,0,0,100,0,0,52,34,13,0,-38,-117,0,0,100,0,0,0,44,51,0,-39,-124,0,0,100,0,45,34,24,30,0,-3,-40,0,0,100,0,36,69,13,25,0,-29,-62,0,0,100,0,146,146,26,25,0,-22,-69,0,0,100,0,0,65,34,41,0,1,-87,0,0,100,0,365,64,62,37,0,-53,-64,0,0,100,0,382,593,27,23,0,-49,-51,0,0,100,0,415,596,21,18,0,-35,-54,0,0,100,0,466,594,20,17,0,-27,-44,0,0,100,0,153,181,52,50,0,18,-39,1,0,100,0,148,934,23,37,0,-79,-34,0,0,100,0,662,2,62,41,0,3,-92,0,0,100,0,86,414,83,94,0,-93,-125,0,0,100,0,265,662,65,56,0,-70,-142,0,0,100,0,154,524,145,66,0,-80,-6,0,0,100,0,141,0,61,14,0,-30,-6,0,0,100,0,141,0,61,14,0,
0,27,8,-59,0,0,100,0,251,121,13,16,0,-6,-69,0,0,100,0,56,68,19,18,0,-12,-70,0,0,100,0,4,111,29,50,0,-5,-131,0,0,100,0,935,429,41,139,0,-53,-116,0,1,100,0,523,96,67,38,0,10,-68,0,0,100,0,265,92,34,17,0,3,-57,0,0,100,0,386,0,46,34,0,-20,-118,0,0,100,0,70,36,33,22,0,-41,-93,0,1,100,0,142,79,57,32,0,-30,-76,0,0,100,0,0,52,34,13,0,-38,-116,0,0,100,0,0,0,44,51,0,-39,-124,0,0,100,0,45,34,24,30,0,-3,-40,0,0,100,0,36,69,13,25,0,-29,-61,0,0,100,0,146,146,26,25,0,-22,-69,0,0,100,0,0,65,34,41,0,1,-87,0,0,100,0,302,100,62,34,0,-53,-63,0,0,100,0,382,593,27,23,0,-49,-50,0,0,100,0,415,596,21,18,0,-35,-55,0,0,100,0,466,594,20,17,0,-27,-44,0,0,100,0,153,181,52,50,0,16,-41,0,0,100,0,126,933,24,37,0,-79,-41,0,0,100,0,599,49,61,49,0,2,-89,0,0,100,0,170,417,85,94,0,-93,-129,0,0,100,0,316,598,65,61,0,-68,-139,0,0,100,0,301,523,140,63,0,-80,-6,0,0,100,0,141,0,61,14,0,-30,-6,0,0,100,0,141,0,61,14,0,
0,27,8,-59,0,0,100,0,251,121,13,16,0,-6,-68,0,0,100,0,56,68,19,18,0,-12,-70,0,0,100,0,4,111,29,50,0,-3,-141,0,0,100,0,979,419,44,151,0,-56,-119,0,1,100,0,520,139,70,40,0,9,-67,0,0,100,0,264,110,35,16,0,6,-56,0,0,100,0,298,34,45,31,0,-20,-118,0,0,100,0,70,36,33,22,0,-42,-89,0,1,100,0,142,111,66,30,0,-30,-75,0,0,100,0,0,52,34,13,0,-38,-116,0,0,100,0,0,0,44,51,0,-39,-123,0,0,100,0,45,34,24,30,0,-3,-40,0,0,100,0,36,69,13,25,0,-29,-60,0,0,100,0,146,146,26,25,0,-22,-68,0,0,100,0,0,65,34,41,0,0,-89,0,0,100,0,367,99,64,35,0,-53,-63,0,0,100,0,382,593,27,23,0,-49,-51,0,0,100,0,415,596,21,18,0,-35,-56,0,0,100,0,466,594,20,17,0,-27,-44,0,0,100,0,153,181,52,50,0,15,-40,0,0,100,0,101,935,23,38,0,0,-89,0,0,100,0,254,417,88,92,0,-82,-43,0,0,100,0,663,47,66,53,0,-94,-125,0,0,100,0,332,657,66,62,0,-68,-138,0,0,100,0,448,522,138,64,0,-80,-6,0,0,100,0,141,0,61,14,0,-30,-6,0,0,100,0,141,0,61,14,0,
0,27,8,-59,0,0,100,0,251,121,13,16,0,-6,-69,0,0,100,0,56,68,19,18,0,-12,-71,0,0,100,0,4,111,29,50,0,-2,-141,0,0,100,0,979,419,44,151,0,-55,-121,0,1,100,0,521,180,69,47,0,9,-68,0,0,100,0,264,127,37,18,0,6,-56,0,0,100,0,342,34,44,30,0,-20,-117,0,0,100,0,70,36,33,22,0,-40,-92,0,1,100,0,203,49,62,35,0,-30,-75,0,0,100,0,0,52,34,13,0,-38,-116,0,0,100,0,0,0,44,51,0,-39,-122,0,0,100,0,45,34,24,30,0,-3,-40,0,0,100,0,36,69,13,25,0,-29,-61,0,0,100,0,146,146,26,25,0,-22,-69,0,0,100,0,0,65,34,41,0,-3,-89,0,0,100,0,304,136,63,35,0,-53,-64,0,0,100,0,382,593,27,23,0,-49,-51,0,0,100,0,415,596,21,18,0,-35,-56,0,0,100,0,466,594,20,17,0,-27,-44,0,0,100,0,153,181,52,50,0,13,-39,0,0,100,0,148,934,23,37,0,-83,-43,0,0,100,0,591,100,66,53,0,2,-93,0,0,100,0,341,413,85,98,0,-95,-123,0,0,100,0,397,618,66,56,0,-74,-139,0,0,100,0,586,520,148,65,0,-80,-6,0,0,100,0,141,0,61,14,0,-30,-6,0,0,100,0,141,0,61,14,0,
0,27,8,-59,0,0,100,0,251,121,13,16,0,-5,-131,0,0,100,0,935,429,41,139,0,-6,-70,0,0,100,0,56,68,19,18,0,-12,-71,0,0,100,0,4,111,29,50,0,-57,-120,0,1,100,0,519,228,75,41,0,11,-70,0,0,100,0,265,144,34,19,0,4,-58,0,0,100,0,388,34,43,30,0,-20,-116,0,0,100,0,70,36,33,22,0,-40,-86,0,1,100,0,207,83,57,29,0,-30,-77,0,0,100,0,0,52,34,13,0,-38,-117,0,0,100,0,0,0,44,51,0,-39,-122,0,0,100,0,45,34,24,30,0,-3,-40,0,0,100,0,36,69,13,25,0,-29,-62,0,0,100,0,146,146,26,25,0,-22,-69,0,0,100,0,0,65,34,41,0,0,-89,0,0,100,0,367,137,60,33,0,-53,-66,0,0,100,0,382,593,27,23,0,-49,-53,0,0,100,0,415,596,21,18,0,-35,-56,0,0,100,0,466,594,20,17,0,-27,-44,0,0,100,0,153,181,52,50,0,14,-39,0,0,100,0,148,934,23,37,0,-80,-37,0,0,100,0,657,104,63,47,0,2,-92,0,0,100,0,426,414,85,97,0,-95,-123,0,0,100,0,464,616,66,61,0,-71,-140,0,0,100,0,734,519,143,67,0,-80,-6,0,0,100,0,141,0,61,14,0,-30,-6,0,0,100,0,141,0,61,14,0,
0,26,7,-59,0,0,100,0,251,121,13,16,0,-6,-132,0,0,100,0,103,0,40,140,0,-6,-70,0,0,100,0,56,68,19,18,0,-12,-71,0,0,100,0,4,111,29,50,0,-72,-116,0,1,100,0,517,0,79,45,0,9,-69,0,0,100,0,265,56,36,16,0,6,-59,0,0,100,0,298,0,45,34,0,-20,-118,0,0,100,0,70,36,33,22,0,-52,-81,0,1,100,0,144,17,57,29,0,-44,-68,0,0,100,0,0,52,34,13,0,-52,-110,0,0,100,0,0,0,44,51,0,-39,-124,0,0,100,0,45,34,24,30,0,-3,-40,0,0,100,0,36,69,13,25,0,-31,-61,0,0,100,0,146,146,26,25,0,-24,-69,0,0,100,0,0,65,34,41,0,1,-87,0,0,100,0,303,64,61,37,0,-51,-57,0,0,100,90,74,1,34,27,0,-37,-50,0,0,100,0,466,594,20,17,0,-30,-42,0,0,100,0,205,181,55,46,0,-80,-36,0,0,100,0,599,0,63,44,0,15,-39,0,0,100,0,148,934,23,37,0,2,-89,0,0,100,0,0,417,85,93,0,-95,-121,0,0,100,0,250,604,66,52,0,-68,-137,0,0,100,0,9,527,142,62,0,-80,-6,0,0,100,0,141,0,61,14,0,-30,-6,0,0,100,0,141,0,61,14,0,
0,31,13,-66,0,0,100,0,251,121,13,16,0,0,-139,0,0,100,0,103,0,40,140,0,-1,-74,0,0,100,0,56,68,19,18,0,-7,-74,0,0,100,0,4,111,29,50,0,-45,-128,0,1,100,0,525,47,73,43,0,14,-73,0,0,100,0,264,73,36,20,0,-41,-122,2,0,100,180,70,36,33,22,0,-35,-95,0,1,100,0,145,47,57,31,0,-24,-83,0,0,100,0,0,52,34,13,0,-33,-124,0,0,100,0,0,0,44,51,0,-40,-70,0,1,60,0,0,52,34,13,0,-37,-121,0,1,60,0,0,0,44,51,0,-48,-109,0,0,60,0,0,0,44,51,0,-46,-108,0,0,100,0,45,34,24,30,0,2,-44,0,0,100,0,36,69,13,25,0,-24,-69,0,0,100,0,146,146,26,25,0,-17,-76,0,0,100,0,0,65,34,41,0,-7,-96,0,0,100,0,365,64,62,37,0,10,-61,0,0,100,0,344,0,44,33,0,-52,-57,0,0,50,90,382,593,27,23,0,-47,-60,0,0,100,90,382,593,27,23,0,-35,-58,0,0,100,90,415,596,21,18,0,-28,-58,0,0,100,0,466,594,20,17,0,-23,-49,0,0,100,0,259,171,56,55,0,18,-39,1,0,100,0,148,934,23,37,0,-79,-34,0,0,100,0,662,2,62,41,0,3,-92,0,0,100,0,86,414,83,94,0,-92,-125,0,0,100,0,265,662,65,56,0,-70,-142,0,0,100,0,154,524,145,66,0,-80,-6,0,0,100,0,141,0,61,14,0,-29,-6,0,0,100,0,141,0,61,14,0,
0,31,16,-62,0,0,100,0,251,121,13,16,0,2,-72,0,0,100,0,56,68,19,18,0,-16,-69,0,0,100,0,214,113,38,26,0,-4,-73,0,0,100,0,4,111,29,50,0,3,-134,0,0,100,0,935,429,41,139,0,-42,-125,0,1,100,0,523,96,67,38,0,10,-68,0,0,100,0,265,92,34,17,0,11,-60,0,0,100,0,386,0,46,34,0,-13,-124,0,0,100,0,70,36,33,22,0,-30,-101,0,1,100,0,142,79,57,32,0,-21,-86,0,0,100,0,0,52,34,13,0,-29,-126,0,0,100,0,0,0,44,51,0,-36,-119,0,0,50,0,0,0,44,51,0,-34,-121,0,1,100,0,0,0,44,51,0,-40,-120,0,0,100,0,45,34,24,30,0,5,-43,0,0,100,0,36,69,13,25,0,-13,-76,0,0,100,0,0,65,34,41,0,1,-87,0,0,100,0,302,100,62,34,0,-44,-66,0,0,60,90,74,1,32,25,0,-41,-67,0,0,100,90,74,1,32,25,0,-21,-61,0,0,100,0,466,594,20,17,0,-11,-33,0,0,100,0,232,140,13,27,0,-21,-39,0,0,100,0,245,141,18,23,0,-24,-57,0,0,100,0,784,253,55,64,0,24,-44,0,0,100,0,126,933,24,37,0,-79,-41,0,0,100,0,599,49,61,49,0,2,-89,0,0,100,0,170,417,85,94,0,-91,-129,0,0,100,0,316,598,65,61,0,-68,-139,0,0,100,0,301,523,140,63,0,-80,-6,0,0,100,0,141,0,61,14,0,-24,-6,0,0,100,0,141,0,61,14,0,
0,31,20,-65,0,0,100,0,251,121,13,16,0,6,-74,0,0,100,0,56,68,19,18,0,-12,-69,0,0,100,0,214,113,38,26,0,0,-76,0,0,100,0,4,111,29,50,0,10,-145,0,0,100,0,979,419,44,151,0,-37,-126,0,1,100,0,520,139,70,40,0,21,-73,0,0,100,0,264,110,35,16,0,17,-60,0,0,100,0,298,34,45,31,0,-3,-126,0,0,100,0,70,36,33,22,0,-23,-96,0,1,100,0,142,111,66,30,0,-13,-83,0,0,100,0,0,52,34,13,0,-21,-124,0,0,100,0,0,0,44,51,0,-27,-119,0,0,60,0,0,0,44,51,0,-24,-124,0,0,100,0,45,34,24,30,0,9,-46,0,0,100,0,36,69,13,25,0,-10,-74,0,0,100,0,0,65,34,41,0,4,-95,0,0,100,0,367,99,64,35,0,-38,-72,0,1,50,0,382,593,27,23,0,-35,-73,0,0,100,0,382,593,27,23,0,-33,-60,0,0,100,0,415,596,21,18,0,-19,-63,0,0,100,0,466,594,20,17,0,-24,-46,0,0,100,0,245,141,18,23,0,-10,-40,0,0,100,0,232,140,13,27,0,-24,-57,0,0,100,0,784,253,55,64,0,15,-40,0,0,100,0,101,935,23,38,0,0,-89,0,0,100,0,254,417,88,92,0,-82,-43,0,0,100,0,663,47,66,53,0,-91,-125,0,0,100,0,332,657,66,62,0,-68,-138,0,0,100,0,448,522,138,64,0,-80,-6,0,0,100,0,141,0,61,14,0,-23,-6,0,0,100,0,141,0,61,14,0,
0,29,21,-63,0,0,100,0,251,121,13,16,0,6,-76,0,0,100,0,56,68,19,18,0,-13,-71,0,0,100,0,214,113,38,26,0,0,-78,0,0,100,0,4,111,29,50,0,11,-145,0,0,100,0,979,419,44,151,0,-42,-130,0,1,100,0,521,180,69,47,0,20,-75,0,0,100,0,264,127,37,18,0,17,-61,0,0,100,0,342,34,44,30,0,-7,-126,0,0,100,0,70,36,33,22,0,-23,-101,0,1,100,0,203,49,62,35,0,-17,-84,0,0,100,0,0,52,34,13,0,-25,-125,0,0,100,0,0,0,44,51,0,-18,-132,0,0,100,0,45,34,24,30,0,8,-47,0,0,100,0,36,69,13,25,0,-11,-76,0,0,100,0,0,65,34,41,0,6,-97,0,0,100,0,304,136,63,35,0,-37,-77,0,0,50,0,382,593,27,23,0,-42,-71,0,0,100,0,74,1,32,25,0,-18,-64,0,0,100,0,466,594,20,17,0,-10,-46,0,0,100,0,214,140,17,29,0,-23,-48,0,0,100,0,245,141,18,23,0,-24,-57,0,0,100,0,784,253,55,64,0,13,-39,0,0,100,0,148,934,23,37,0,-83,-43,0,0,100,0,591,100,66,53,0,2,-93,0,0,100,0,341,413,85,98,0,-93,-125,0,0,100,0,397,618,66,56,0,-74,-139,0,0,100,0,586,520,148,65,0,-80,-6,0,0,100,0,141,0,61,14,0,-23,-6,0,0,100,0,141,0,61,14,0,
0,29,19,-66,0,0,100,0,251,121,13,16,0,6,-138,0,0,100,0,935,429,41,139,0,5,-77,0,0,100,0,56,68,19,18,0,-13,-71,0,0,100,0,214,113,38,26,0,-1,-78,0,0,100,0,4,111,29,50,0,-44,-128,0,1,100,0,519,228,75,41,0,22,-77,0,0,100,0,265,144,34,19,0,15,-62,0,0,100,0,388,34,43,30,0,-9,-123,0,0,100,0,70,36,33,22,0,-29,-93,0,1,100,0,207,83,57,29,0,-19,-84,0,0,100,0,0,52,34,13,0,-27,-124,0,0,100,0,0,0,44,51,0,-28,-128,0,0,100,0,45,34,24,30,0,8,-47,0,0,100,0,36,69,13,25,0,-2,-78,0,0,100,0,214,113,38,26,0,-11,-76,0,0,100,0,0,65,34,41,0,10,-97,0,0,100,0,367,137,60,33,0,-38,-71,0,0,100,0,74,1,32,25,0,-19,-64,0,0,100,0,466,594,20,17,0,-9,-42,0,0,100,0,232,140,13,27,0,-24,-57,0,0,100,0,784,253,55,64,0,-24,-42,0,0,100,0,245,141,18,23,0,25,-46,0,0,100,0,148,934,23,37,0,-80,-37,0,0,100,0,657,104,63,47,0,2,-92,0,0,100,0,426,414,85,97,0,-95,-124,0,0,100,0,464,616,66,61,0,-71,-140,0,0,100,0,734,519,143,67,0,-80,-6,0,0,100,0,141,0,61,14,0,-23,-6,0,0,100,0,141,0,61,14,0,
0,30,19,-66,0,0,100,0,251,121,13,16,0,6,-138,0,0,100,0,935,429,41,139,0,-48,-131,0,1,100,0,517,0,79,45,0,5,-77,0,0,100,0,56,68,19,18,0,-13,-71,0,0,100,0,214,113,38,26,0,-1,-78,0,0,100,0,4,111,29,50,0,-9,-123,0,0,100,0,70,36,33,22,0,-19,-84,0,0,100,0,0,52,34,13,0,-27,-124,0,0,100,0,0,0,44,51,0,-28,-96,0,1,100,0,144,17,57,29,0,-28,-129,0,0,100,0,45,34,24,30,0,8,-47,0,0,100,0,36,69,13,25,0,-2,-78,0,0,100,0,214,113,38,26,0,-11,-76,0,0,100,0,0,65,34,41,0,-40,-71,0,0,100,0,74,1,32,25,0,-18,-64,0,0,100,0,466,594,20,17,0,-9,-44,0,0,100,0,232,140,13,27,0,-24,-57,0,0,100,0,784,253,55,64,0,-24,-44,0,0,100,0,245,141,18,23,0,25,-46,0,0,100,0,148,934,23,37,0,20,-74,0,0,100,0,265,56,36,16,0,14,-62,0,0,100,0,298,0,45,34,0,9,-94,0,0,100,0,303,65,61,35,0,-80,-36,0,0,100,0,599,0,63,44,0,15,-39,0,0,100,0,148,934,23,37,0,2,-89,0,0,100,0,0,417,85,93,0,-95,-121,0,0,100,0,250,604,66,52,0,-68,-137,0,0,100,0,9,527,142,62,0,-80,-6,0,0,100,0,141,0,61,14,0,-23,-6,0,0,100,0,141,0,61,14,0,
0,29,-39,-128,0,1,100,0,525,47,73,43,0,19,-66,0,0,100,0,251,121,13,16,0,6,-138,0,0,100,0,935,429,41,139,0,5,-77,0,0,100,0,56,68,19,18,0,-13,-71,0,0,100,0,214,113,38,26,0,-1,-78,0,0,100,0,4,111,29,50,0,-9,-123,0,0,100,0,70,36,33,22,0,-19,-84,0,0,100,0,0,52,34,13,0,-27,-124,0,0,100,0,0,0,44,51,0,-28,-129,0,0,100,0,45,34,24,30,0,8,-47,0,0,100,0,36,69,13,25,0,-2,-78,0,0,100,0,214,113,38,26,0,-11,-76,0,0,100,0,0,65,34,41,0,-40,-71,0,0,100,0,74,1,32,25,0,-18,-64,0,0,100,0,466,594,20,17,0,-9,-43,0,0,100,0,232,140,13,27,0,-24,-57,0,0,100,0,784,253,55,64,0,-24,-43,0,0,100,0,245,141,18,23,0,25,-46,0,0,100,0,148,934,23,37,0,14,-73,0,0,100,0,264,73,36,20,0,-16,-99,0,1,100,0,145,47,57,31,0,6,-94,0,0,100,0,365,64,62,37,0,15,-61,0,0,100,0,344,0,44,33,0,-79,-34,0,0,100,0,662,2,62,41,0,3,-92,0,0,100,0,86,414,83,94,0,-93,-125,0,0,100,0,265,662,65,56,0,-70,-142,0,0,100,0,154,524,145,66,0,-80,-6,0,0,100,0,141,0,61,14,0,-23,-6,0,0,100,0,141,0,61,14,0,
0,29,-42,-125,0,1,100,0,523,96,67,38,0,19,-66,0,0,100,0,251,121,13,16,0,6,-138,0,0,100,0,935,429,41,139,0,5,-77,0,0,100,0,56,68,19,18,0,-13,-71,0,0,100,0,214,113,38,26,0,-1,-78,0,0,100,0,4,111,29,50,0,-9,-123,0,0,100,0,70,36,33,22,0,-19,-84,0,0,100,0,0,52,34,13,0,-27,-124,0,0,100,0,0,0,44,51,0,-28,-129,0,0,100,0,45,34,24,30,0,8,-47,0,0,100,0,36,69,13,25,0,-2,-78,0,0,100,0,214,113,38,26,0,-11,-76,0,0,100,0,0,65,34,41,0,-40,-71,0,0,100,0,74,1,32,25,0,-18,-64,0,0,100,0,466,594,20,17,0,-9,-43,0,0,100,0,232,140,13,27,0,-24,-57,0,0,100,0,784,253,55,64,0,-24,-43,0,0,100,0,245,141,18,23,0,25,-46,0,0,100,0,148,934,23,37,0,10,-68,0,0,100,0,265,92,34,17,0,12,-61,0,0,100,0,386,0,46,34,0,-30,-101,0,1,100,0,142,79,57,32,0,3,-93,0,0,100,0,302,100,62,34,0,-79,-41,0,0,100,0,599,49,61,49,0,2,-89,0,0,100,0,170,417,85,94,0,-93,-129,0,0,100,0,316,598,65,61,0,-68,-139,0,0,100,0,301,523,140,63,0,-80,-6,0,0,100,0,141,0,61,14,0,-23,-6,0,0,100,0,141,0,61,14,0,
0,28,-44,-127,0,1,100,0,520,139,70,40,0,19,-66,0,0,100,0,251,121,13,16,0,6,-138,0,0,100,0,935,429,41,139,0,5,-77,0,0,100,0,56,68,19,18,0,-13,-71,0,0,100,0,214,113,38,26,0,-1,-78,0,0,100,0,4,111,29,50,0,-9,-123,0,0,100,0,70,36,33,22,0,-19,-84,0,0,100,0,0,52,34,13,0,-27,-124,0,0,100,0,0,0,44,51,0,-28,-129,0,0,100,0,45,34,24,30,0,8,-47,0,0,100,0,36,69,13,25,0,-11,-76,0,0,100,0,0,65,34,41,0,21,-73,0,0,100,0,264,110,35,16,0,17,-60,0,0,100,0,298,34,45,31,0,-28,-98,0,1,100,0,142,111,66,30,0,2,-95,0,0,100,0,367,99,64,35,0,-40,-71,0,0,100,0,74,1,32,25,0,-18,-64,0,0,100,0,466,594,20,17,0,-9,-43,0,0,100,0,232,140,13,27,0,-24,-57,0,0,100,0,784,253,55,64,0,-24,-43,0,0,100,0,245,141,18,23,0,15,-40,0,0,100,0,101,935,23,38,0,0,-89,0,0,100,0,254,417,88,92,0,-82,-43,0,0,100,0,663,47,66,53,0,-94,-125,0,0,100,0,332,657,66,62,0,-68,-138,0,0,100,0,448,522,138,64,0,-80,-6,0,0,100,0,141,0,61,14,0,-23,-6,0,0,100,0,141,0,61,14,0,
0,28,-42,-130,0,1,100,0,521,180,69,47,0,19,-66,0,0,100,0,251,121,13,16,0,6,-138,0,0,100,0,935,429,41,139,0,5,-77,0,0,100,0,56,68,19,18,0,-13,-71,0,0,100,0,214,113,38,26,0,-1,-78,0,0,100,0,4,111,29,50,0,-9,-123,0,0,100,0,70,36,33,22,0,-19,-84,0,0,100,0,0,52,34,13,0,-27,-124,0,0,100,0,0,0,44,51,0,-28,-129,0,0,100,0,45,34,24,30,0,8,-47,0,0,100,0,36,69,13,25,0,-11,-76,0,0,100,0,0,65,34,41,0,-40,-71,0,0,100,0,74,1,32,25,0,-18,-64,0,0,100,0,466,594,20,17,0,-9,-43,0,0,100,0,232,140,13,27,0,-24,-57,0,0,100,0,784,253,55,64,0,-24,-43,0,0,100,0,245,141,18,23,0,20,-75,0,0,100,0,264,127,37,18,0,17,-61,0,0,100,0,342,34,44,30,0,-23,-101,0,1,100,0,203,49,62,35,0,1,-95,0,0,100,0,304,136,63,35,0,13,-39,0,0,100,0,148,934,23,37,0,-83,-43,0,0,100,0,591,100,66,53,0,2,-93,0,0,100,0,341,413,85,98,0,-95,-123,0,0,100,0,397,618,66,56,0,-74,-139,0,0,100,0,586,520,148,65,0,-80,-6,0,0,100,0,141,0,61,14,0,-23,-6,0,0,100,0,141,0,61,14,0,
0,28,19,-66,0,0,100,0,251,121,13,16,0,6,-138,0,0,100,0,935,429,41,139,0,5,-77,0,0,100,0,56,68,19,18,0,-13,-71,0,0,100,0,214,113,38,26,0,-1,-78,0,0,100,0,4,111,29,50,0,-44,-128,0,1,100,0,519,228,75,41,0,22,-77,0,0,100,0,265,144,34,19,0,18,-62,0,0,100,0,388,34,43,30,0,-9,-123,0,0,100,0,70,36,33,22,0,-29,-93,0,1,100,0,207,83,57,29,0,-19,-84,0,0,100,0,0,52,34,13,0,-27,-124,0,0,100,0,0,0,44,51,0,-28,-129,0,0,100,0,45,34,24,30,0,8,-47,0,0,100,0,36,69,13,25,0,-11,-76,0,0,100,0,0,65,34,41,0,9,-96,0,0,100,0,367,137,60,33,0,-40,-71,0,0,100,0,74,1,32,25,0,-18,-64,0,0,100,0,466,594,20,17,0,-9,-43,0,0,100,0,232,140,13,27,0,-24,-57,0,0,100,0,784,253,55,64,0,-24,-43,0,0,100,0,245,141,18,23,0,25,-46,0,0,100,0,148,934,23,37,0,-80,-37,0,0,100,0,657,104,63,47,0,2,-92,0,0,100,0,426,414,85,97,0,-95,-123,0,0,100,0,464,616,66,61,0,-71,-140,0,0,100,0,734,519,143,67,0,-80,-6,0,0,100,0,141,0,61,14,0,-23,-6,0,0,100,0,141,0,61,14,0,
0,27,-43,-127,0,1,100,0,520,139,70,40,0,19,-66,0,0,100,0,251,121,13,16,0,6,-138,0,0,100,0,935,429,41,139,0,5,-77,0,0,100,0,56,68,19,18,0,-13,-71,0,0,100,0,214,113,38,26,0,-1,-78,0,0,100,0,4,111,29,50,0,-9,-123,0,0,100,0,70,36,33,22,0,-19,-84,0,0,100,0,0,52,34,13,0,-27,-124,0,0,100,0,0,0,44,51,0,-28,-129,0,0,100,0,45,34,24,30,0,8,-47,0,0,100,0,36,69,13,25,0,-11,-76,0,0,100,0,0,65,34,41,0,21,-73,0,0,100,0,264,110,35,16,0,17,-60,0,0,100,0,298,34,45,31,0,-23,-96,0,1,100,0,142,111,66,30,0,2,-95,0,0,100,0,367,99,64,35,0,-38,-71,0,0,100,0,382,593,27,23,0,-36,-58,0,0,100,0,415,596,21,18,0,-18,-64,0,0,100,0,466,594,20,17,0,-24,-53,0,0,100,0,316,171,57,57,0,15,-40,0,0,100,0,101,935,23,38,0,0,-89,0,0,100,0,254,417,88,92,0,-82,-43,0,0,100,0,663,47,66,53,0,-94,-125,0,0,100,0,332,657,66,62,0,-68,-138,0,0,100,0,448,522,138,64,0,-80,-6,0,0,100,0,141,0,61,14,0,-23,-6,0,0,100,0,141,0,61,14,0,
0,26,-42,-128,0,1,100,0,521,180,69,47,0,16,-64,0,0,100,0,251,121,13,16,0,3,-136,0,0,100,0,935,429,41,139,0,2,-75,0,0,100,0,56,68,19,18,0,-4,-76,0,0,100,0,4,111,29,50,0,-9,-121,0,0,100,0,70,36,33,22,0,-19,-82,0,0,100,0,0,52,34,13,0,-27,-122,0,0,100,0,0,0,44,51,0,-28,-127,0,0,100,0,45,34,24,30,0,5,-45,0,0,100,0,36,69,13,25,0,-21,-67,0,0,100,0,146,146,26,25,0,-14,-74,0,0,100,0,0,65,34,41,0,-46,-61,0,0,100,0,74,1,32,25,0,-21,-56,0,0,100,0,466,594,20,17,0,-25,-48,0,0,100,0,375,173,59,49,0,20,-75,0,0,100,0,264,127,37,18,0,14,-59,0,0,100,0,342,34,44,30,0,-23,-99,0,1,100,0,203,49,62,35,0,-2,-93,0,0,100,0,304,136,63,35,0,13,-39,0,0,100,0,148,934,23,37,0,-83,-43,0,0,100,0,591,100,66,53,0,2,-93,0,0,100,0,341,413,85,98,0,-95,-123,0,0,100,0,397,618,66,56,0,-74,-139,0,0,100,0,586,520,148,65,0,-80,-6,0,0,100,0,141,0,61,14,0,-23,-6,0,0,100,0,141,0,61,14,0,
0,27,5,-59,0,0,100,0,251,121,13,16,0,-8,-131,0,0,100,0,935,429,41,139,0,-9,-70,0,0,100,0,56,68,19,18,0,-32,-62,0,0,100,0,146,146,26,25,0,-15,-71,0,0,100,0,4,111,29,50,0,-67,-114,0,1,100,0,519,228,75,41,0,8,-70,0,0,100,0,265,144,34,19,0,4,-55,0,0,100,0,388,34,43,30,0,-27,-112,0,0,100,0,70,36,33,22,0,-42,-71,0,0,100,0,0,52,34,13,0,-41,-87,0,1,100,0,207,83,57,29,0,-45,-113,0,0,100,0,0,0,44,51,0,-46,-118,0,0,100,0,45,34,24,30,0,-6,-40,0,0,100,0,36,69,13,25,0,-25,-69,0,0,100,0,0,65,34,41,0,-5,-89,0,0,100,0,367,137,60,33,0,-54,-56,0,0,100,0,382,593,27,23,0,-51,-44,0,0,100,0,415,596,21,18,0,-34,-47,0,0,100,0,437,176,17,13,0,-27,-45,0,0,100,0,844,264,56,52,0,25,-46,0,0,100,0,148,934,23,37,0,-80,-37,0,0,100,0,657,104,63,47,0,2,-92,0,0,100,0,426,414,85,97,0,-95,-123,0,0,100,0,464,616,66,61,0,-71,-140,0,0,100,0,734,519,143,67,0,-80,-6,0,0,100,0,141,0,61,14,0,-23,-6,0,0,100,0,141,0,61,14,0,
0,29,7,-59,0,0,100,0,251,121,13,16,0,-6,-132,0,0,100,0,103,0,40,140,0,-9,-69,0,0,100,0,56,68,19,18,0,-12,-71,0,0,100,0,4,111,29,50,0,-59,-124,0,1,100,0,517,0,79,45,0,5,-69,0,0,100,0,265,56,36,16,0,6,-59,0,0,100,0,298,0,45,34,0,-38,-89,0,1,100,0,144,17,57,29,0,-28,-77,0,0,100,0,0,52,34,13,0,-35,-108,0,0,100,0,70,36,33,22,0,-47,-114,0,0,100,0,86,789,32,25,0,-39,-102,0,0,100,0,2,786,44,36,0,-48,-109,0,0,100,0,45,34,24,30,0,-3,-40,0,0,100,0,36,69,13,25,0,-29,-60,0,0,100,0,146,146,26,25,0,-22,-67,0,0,100,0,0,65,34,41,0,1,-87,0,0,100,0,303,64,61,37,0,-53,-61,0,0,100,0,382,593,27,23,0,-49,-49,0,0,100,0,415,596,21,18,0,-35,-53,0,0,100,0,466,594,20,17,0,-27,-44,0,0,100,0,153,181,52,50,0,-80,-36,0,0,100,0,599,0,63,44,0,15,-39,0,0,100,0,148,934,23,37,0,2,-89,0,0,100,0,0,417,85,93,0,-95,-121,0,0,100,0,250,604,66,52,0,-68,-137,0,0,100,0,9,527,142,62,0,-68,-137,0,1,100,0,9,527,142,62,0,-80,-6,0,0,100,0,141,0,61,14,0,-30,-6,0,0,100,0,141,0,61,14,0,
0,28,8,-59,0,0,100,0,251,121,13,16,0,-5,-132,0,0,100,0,103,0,40,140,0,-6,-70,0,0,100,0,56,68,19,18,0,-12,-70,0,0,100,0,4,111,29,50,0,-51,-120,0,1,100,0,525,47,73,43,0,9,-69,0,0,100,0,264,73,36,20,0,7,-58,0,0,100,0,344,0,44,33,0,-31,-114,0,0,100,0,70,36,33,22,0,-38,-90,0,1,100,0,145,47,57,31,0,-30,-76,0,0,100,0,0,52,34,13,0,-35,-115,0,0,100,0,58,789,22,29,0,-40,-99,0,0,100,0,0,786,52,36,0,-37,-115,0,0,100,0,45,34,24,30,0,-3,-40,0,0,100,0,36,69,13,25,0,-29,-62,0,0,100,0,146,146,26,25,0,-22,-69,0,0,100,0,0,65,34,41,0,1,-87,0,0,100,0,365,64,62,37,0,-53,-64,0,0,100,0,382,593,27,23,0,-49,-51,0,0,100,0,415,596,21,18,0,-35,-54,0,0,100,0,466,594,20,17,0,-27,-44,0,0,100,0,153,181,52,50,0,18,-39,1,0,100,0,148,934,23,37,0,-79,-34,0,0,100,0,662,2,62,41,0,3,-92,0,0,100,0,86,414,83,94,0,-93,-125,0,0,100,0,265,662,65,56,0,-70,-142,0,0,100,0,154,524,145,66,0,-80,-6,0,0,100,0,141,0,61,14,0,-30,-6,0,0,100,0,141,0,61,14,0,
0,28,9,-72,0,0,100,0,251,121,13,16,0,1,-157,0,0,100,0,64,167,43,149,0,-6,-70,0,0,100,0,56,68,19,18,0,-12,-71,0,0,100,0,4,111,29,50,0,-58,-124,0,1,100,0,517,0,79,45,0,9,-69,0,0,100,0,265,56,36,16,0,6,-59,0,0,100,0,298,0,45,34,0,-20,-118,0,0,100,0,70,36,33,22,0,-38,-89,0,1,100,0,144,17,57,29,0,-30,-76,0,0,100,0,0,52,34,13,0,-38,-118,0,0,100,0,0,0,44,51,0,-39,-124,0,0,100,0,45,34,24,30,0,-3,-40,0,0,100,0,36,69,13,25,0,-29,-63,0,0,100,0,146,146,26,25,0,-22,-69,0,0,100,0,0,65,34,41,0,1,-87,0,0,100,0,303,64,61,37,0,-53,-65,0,0,100,0,382,593,27,23,0,-49,-52,0,0,100,0,415,596,21,18,0,-35,-55,0,0,100,0,466,594,20,17,0,-27,-44,0,0,100,0,153,181,52,50,0,-80,-36,0,0,100,0,599,0,63,44,0,15,-39,0,0,100,0,148,934,23,37,0,2,-89,0,0,100,0,0,417,85,93,0,-95,-121,0,0,100,0,250,604,66,52,0,-68,-137,0,0,100,0,9,527,142,62,0,-68,-137,0,1,100,0,9,527,142,62,0,-80,-6,0,0,100,0,141,0,61,14,0,-30,-6,0,0,100,0,141,0,61,14,0,
0,28,3,-187,0,0,100,0,64,167,43,149,0,-1,-173,0,1,80,0,64,167,43,149,0,9,-69,0,0,100,0,264,73,36,20,0,-6,-70,0,0,100,0,56,68,19,18,0,5,-93,0,0,100,0,172,142,24,39,0,-12,-70,0,0,100,0,4,111,29,50,0,-51,-120,0,1,100,0,525,47,73,43,0,7,-58,0,0,100,0,344,0,44,33,0,-20,-118,0,0,100,0,70,36,33,22,0,-38,-90,0,1,100,0,145,47,57,31,0,-30,-76,0,0,100,0,0,52,34,13,0,-38,-117,0,0,100,0,0,0,44,51,0,-39,-124,0,0,100,0,45,34,24,30,0,-3,-40,0,0,100,0,36,69,13,25,0,-29,-62,0,0,100,0,146,146,26,25,0,-22,-69,0,0,100,0,0,65,34,41,0,1,-87,0,0,100,0,365,64,62,37,0,-53,-64,0,0,100,0,382,593,27,23,0,-49,-51,0,0,100,0,415,596,21,18,0,-35,-54,0,0,100,0,466,594,20,17,0,-27,-44,0,0,100,0,153,181,52,50,0,18,-39,1,0,100,0,148,934,23,37,0,-79,-34,0,0,100,0,662,2,62,41,0,3,-92,0,0,100,0,86,414,83,94,0,-93,-125,0,0,100,0,265,662,65,56,0,-70,-142,0,0,100,0,154,524,145,66,0,-80,-6,0,0,100,0,141,0,61,14,0,-30,-6,0,0,100,0,141,0,61,14,0,
0,28,-6,-69,0,0,100,0,56,68,19,18,0,10,-68,0,0,100,0,265,92,34,17,0,-12,-70,0,0,100,0,4,111,29,50,0,-4,-175,0,0,100,0,935,429,41,139,0,-4,-177,0,1,40,0,64,167,43,149,0,5,-93,0,0,100,0,172,142,24,39,0,-53,-116,0,1,100,0,523,96,67,38,0,3,-57,0,0,100,0,386,0,46,34,0,-20,-118,0,0,100,0,70,36,33,22,0,-41,-93,0,1,100,0,142,79,57,32,0,-30,-76,0,0,100,0,0,52,34,13,0,-38,-116,0,0,100,0,0,0,44,51,0,-39,-124,0,0,100,0,45,34,24,30,0,-3,-40,0,0,100,0,36,69,13,25,0,-29,-61,0,0,100,0,146,146,26,25,0,-22,-69,0,0,100,0,0,65,34,41,0,1,-87,0,0,100,0,302,100,62,34,0,-53,-63,0,0,100,0,382,593,27,23,0,-49,-50,0,0,100,0,415,596,21,18,0,-35,-55,0,0,100,0,466,594,20,17,0,-27,-44,0,0,100,0,153,181,52,50,0,16,-41,0,0,100,0,126,933,24,37,0,-79,-41,0,0,100,0,599,49,61,49,0,2,-89,0,0,100,0,170,417,85,94,0,-93,-129,0,0,100,0,316,598,65,61,0,-68,-139,0,0,100,0,301,523,140,63,0,-80,-6,0,0,100,0,141,0,61,14,0,-30,-6,0,0,100,0,141,0,61,14,0,
0,32,-6,-70,0,0,100,0,56,68,19,18,0,9,-69,0,0,100,0,265,56,36,16,0,-12,-71,0,0,100,0,4,111,29,50,0,-11,-182,0,0,100,0,865,598,53,86,0,-8,-184,0,0,100,0,712,594,48,83,0,-58,-124,0,1,100,0,517,0,79,45,0,-2,-183,0,1,100,0,979,418,40,83,0,-11,-176,0,0,100,0,556,601,53,75,0,-2,-183,0,0,100,0,979,418,40,158,0,5,-93,0,0,100,0,172,142,24,39,0,6,-59,0,0,100,0,298,0,45,34,0,-20,-118,0,0,100,0,70,36,33,22,0,-38,-89,0,1,100,0,144,17,57,29,0,-30,-76,0,0,100,0,0,52,34,13,0,-38,-118,0,0,100,0,0,0,44,51,0,-39,-124,0,0,100,0,45,34,24,30,0,-3,-40,0,0,100,0,36,69,13,25,0,-29,-63,0,0,100,0,146,146,26,25,0,-22,-69,0,0,100,0,0,65,34,41,0,1,-87,0,0,100,0,303,64,61,37,0,-53,-65,0,0,100,0,382,593,27,23,0,-49,-52,0,0,100,0,415,596,21,18,0,-35,-55,0,0,100,0,466,594,20,17,0,-27,-44,0,0,100,0,153,181,52,50,0,-80,-36,0,0,100,0,599,0,63,44,0,15,-39,0,0,100,0,148,934,23,37,0,2,-89,0,0,100,0,0,417,85,93,0,-95,-121,0,0,100,0,250,604,66,52,0,-68,-137,0,0,100,0,9,527,142,62,0,-68,-137,0,1,100,0,9,527,142,62,0,-80,-6,0,0,100,0,141,0,61,14,0,-30,-6,0,0,100,0,141,0,61,14,0,
0,31,9,-69,0,0,100,0,264,73,36,20,0,-6,-70,0,0,100,0,56,68,19,18,0,-10,-181,0,0,100,0,919,601,51,77,0,-7,-178,0,0,100,0,757,597,49,81,0,-2,-183,0,1,100,0,979,418,40,83,0,-6,-183,0,0,60,0,610,596,44,81,0,-2,-183,0,0,100,0,979,418,40,158,0,5,-93,0,0,100,0,172,142,24,39,0,-12,-70,0,0,100,0,4,111,29,50,0,-51,-120,0,1,100,0,525,47,73,43,0,7,-58,0,0,100,0,344,0,44,33,0,-20,-118,0,0,100,0,70,36,33,22,0,-38,-90,0,1,100,0,145,47,57,31,0,-30,-76,0,0,100,0,0,52,34,13,0,-38,-117,0,0,100,0,0,0,44,51,0,-39,-124,0,0,100,0,45,34,24,30,0,-3,-40,0,0,100,0,36,69,13,25,0,-29,-62,0,0,100,0,146,146,26,25,0,-22,-69,0,0,100,0,0,65,34,41,0,1,-87,0,0,100,0,365,64,62,37,0,-53,-64,0,0,100,0,382,593,27,23,0,-49,-51,0,0,100,0,415,596,21,18,0,-35,-54,0,0,100,0,466,594,20,17,0,-27,-44,0,0,100,0,153,181,52,50,0,18,-39,1,0,100,0,148,934,23,37,0,-79,-34,0,0,100,0,662,2,62,41,0,3,-92,0,0,100,0,86,414,83,94,0,-93,-125,0,0,100,0,265,662,65,56,0,-70,-142,0,0,100,0,154,524,145,66,0,-80,-6,0,0,100,0,141,0,61,14,0,-30,-6,0,0,100,0,141,0,61,14,0,
0,31,-6,-69,0,0,100,0,56,68,19,18,0,10,-68,0,0,100,0,265,92,34,17,0,-12,-70,0,0,100,0,4,111,29,50,0,-8,-186,0,0,100,0,972,595,50,79,0,-9,-182,0,0,100,0,808,598,49,81,0,-2,-183,0,1,100,0,979,418,40,83,0,-7,-186,0,0,100,0,660,594,44,82,0,-2,-183,0,0,100,0,979,418,40,158,0,5,-93,0,0,100,0,172,142,24,39,0,-53,-116,0,1,100,0,523,96,67,38,0,3,-57,0,0,100,0,386,0,46,34,0,-20,-118,0,0,100,0,70,36,33,22,0,-41,-93,0,1,100,0,142,79,57,32,0,-30,-76,0,0,100,0,0,52,34,13,0,-38,-116,0,0,100,0,0,0,44,51,0,-39,-124,0,0,100,0,45,34,24,30,0,-3,-40,0,0,100,0,36,69,13,25,0,-29,-61,0,0,100,0,146,146,26,25,0,-22,-69,0,0,100,0,0,65,34,41,0,1,-87,0,0,100,0,302,100,62,34,0,-53,-63,0,0,100,0,382,593,27,23,0,-49,-50,0,0,100,0,415,596,21,18,0,-35,-55,0,0,100,0,466,594,20,17,0,-27,-44,0,0,100,0,153,181,52,50,0,16,-41,0,0,100,0,126,933,24,37,0,-79,-41,0,0,100,0,599,49,61,49,0,2,-89,0,0,100,0,170,417,85,94,0,-93,-129,0,0,100,0,316,598,65,61,0,-68,-139,0,0,100,0,301,523,140,63,0,-80,-6,0,0,100,0,141,0,61,14,0,-30,-6,0,0,100,0,141,0,61,14,0,
0,31,-6,-68,0,0,100,0,56,68,19,18,0,6,-67,0,0,100,0,264,110,35,16,0,-12,-70,0,0,100,0,4,111,29,50,0,-11,-182,0,0,100,0,865,598,53,86,0,-8,-184,0,0,100,0,712,594,48,83,0,-2,-183,0,1,60,0,979,418,40,83,0,-9,-180,0,0,100,0,557,597,48,81,0,-2,-183,0,0,100,0,979,418,40,158,0,5,-93,0,0,100,0,172,142,24,39,0,-56,-119,0,1,100,0,520,139,70,40,0,6,-56,0,0,100,0,298,34,45,31,0,-20,-118,0,0,100,0,70,36,33,22,0,-42,-89,0,1,100,0,142,111,66,30,0,-30,-75,0,0,100,0,0,52,34,13,0,-38,-116,0,0,100,0,0,0,44,51,0,-39,-123,0,0,100,0,45,34,24,30,0,-3,-40,0,0,100,0,36,69,13,25,0,-29,-60,0,0,100,0,146,146,26,25,0,-22,-68,0,0,100,0,0,65,34,41,0,0,-89,0,0,100,0,367,99,64,35,0,-53,-63,0,0,100,0,382,593,27,23,0,-49,-51,0,0,100,0,415,596,21,18,0,-35,-56,0,0,100,0,466,594,20,17,0,-27,-44,0,0,100,0,153,181,52,50,0,15,-40,0,0,100,0,101,935,23,38,0,0,-89,0,0,100,0,254,417,88,92,0,-82,-43,0,0,100,0,663,47,66,53,0,-94,-125,0,0,100,0,332,657,66,62,0,-68,-138,0,0,100,0,448,522,138,64,0,-80,-6,0,0,100,0,141,0,61,14,0,-30,-6,0,0,100,0,141,0,61,14,0,
0,31,-6,-69,0,0,100,0,56,68,19,18,0,-12,-71,0,0,100,0,4,111,29,50,0,9,-68,0,0,100,0,264,127,37,18,0,-10,-181,0,0,100,0,919,601,51,77,0,-7,-178,0,0,100,0,757,597,49,81,0,-2,-183,0,1,100,0,979,418,40,83,0,-5,-183,0,0,100,0,610,594,44,81,0,-2,-183,0,0,100,0,979,418,40,158,0,5,-93,0,0,100,0,172,142,24,39,0,-55,-121,0,1,100,0,521,180,69,47,0,6,-56,0,0,100,0,342,34,44,30,0,-20,-117,0,0,100,0,70,36,33,22,0,-40,-92,0,1,100,0,203,49,62,35,0,-30,-75,0,0,100,0,0,52,34,13,0,-38,-116,0,0,100,0,0,0,44,51,0,-39,-122,0,0,100,0,45,34,24,30,0,-3,-40,0,0,100,0,36,69,13,25,0,-29,-61,0,0,100,0,146,146,26,25,0,-22,-69,0,0,100,0,0,65,34,41,0,-3,-89,0,0,100,0,304,136,63,35,0,-53,-64,0,0,100,0,382,593,27,23,0,-49,-51,0,0,100,0,415,596,21,18,0,-35,-56,0,0,100,0,466,594,20,17,0,-27,-44,0,0,100,0,153,181,52,50,0,13,-39,0,0,100,0,148,934,23,37,0,-83,-43,0,0,100,0,591,100,66,53,0,2,-93,0,0,100,0,341,413,85,98,0,-95,-123,0,0,100,0,397,618,66,56,0,-74,-139,0,0,100,0,586,520,148,65,0,-80,-6,0,0,100,0,141,0,61,14,0,-30,-6,0,0,100,0,141,0,61,14,0,
0,31,-6,-70,0,0,100,0,56,68,19,18,0,11,-70,0,0,100,0,265,144,34,19,0,-8,-186,0,0,100,0,972,595,50,79,0,-9,-182,0,0,100,0,808,598,49,81,0,-2,-183,0,1,60,0,979,418,40,83,0,-11,-187,0,0,100,0,659,592,47,84,0,-2,-183,0,0,100,0,979,418,40,158,0,5,-93,0,0,100,0,172,142,24,39,0,-12,-71,0,0,100,0,4,111,29,50,0,-57,-120,0,1,100,0,519,228,75,41,0,4,-58,0,0,100,0,388,34,43,30,0,-20,-116,0,0,100,0,70,36,33,22,0,-40,-86,0,1,100,0,207,83,57,29,0,-30,-77,0,0,100,0,0,52,34,13,0,-38,-117,0,0,100,0,0,0,44,51,0,-39,-122,0,0,100,0,45,34,24,30,0,-3,-40,0,0,100,0,36,69,13,25,0,-29,-62,0,0,100,0,146,146,26,25,0,-22,-69,0,0,100,0,0,65,34,41,0,0,-89,0,0,100,0,367,137,60,33,0,-53,-66,0,0,100,0,382,593,27,23,0,-49,-53,0,0,100,0,415,596,21,18,0,-35,-56,0,0,100,0,466,594,20,17,0,-27,-44,0,0,100,0,153,181,52,50,0,14,-39,0,0,100,0,148,934,23,37,0,-80,-37,0,0,100,0,657,104,63,47,0,2,-92,0,0,100,0,426,414,85,97,0,-95,-123,0,0,100,0,464,616,66,61,0,-71,-140,0,0,100,0,734,519,143,67,0,-80,-6,0,0,100,0,141,0,61,14,0,-30,-6,0,0,100,0,141,0,61,14,0,
0,33,-209,-6,0,0,100,0,892,225,55,13,0,-6,-70,0,0,100,0,56,68,19,18,0,9,-69,0,0,100,0,265,56,36,16,0,-12,-71,0,0,100,0,4,111,29,50,0,-11,-192,0,0,80,0,865,598,53,86,0,-8,-194,0,0,80,0,712,594,48,83,0,-2,-186,0,1,80,0,979,418,40,83,0,-11,-186,0,0,100,0,556,601,53,75,0,-58,-124,0,1,100,0,517,0,79,45,0,-2,-183,0,0,100,0,979,418,40,158,0,5,-93,0,0,100,0,172,142,24,39,0,6,-59,0,0,100,0,298,0,45,34,0,-20,-118,0,0,100,0,70,36,33,22,0,-38,-89,0,1,100,0,144,17,57,29,0,-30,-76,0,0,100,0,0,52,34,13,0,-38,-118,0,0,100,0,0,0,44,51,0,-39,-124,0,0,100,0,45,34,24,30,0,-3,-40,0,0,100,0,36,69,13,25,0,-29,-63,0,0,100,0,146,146,26,25,0,-22,-69,0,0,100,0,0,65,34,41,0,1,-87,0,0,100,0,303,64,61,37,0,-53,-65,0,0,100,0,382,593,27,23,0,-49,-52,0,0,100,0,415,596,21,18,0,-35,-55,0,0,100,0,466,594,20,17,0,-27,-44,0,0,100,0,153,181,52,50,0,-80,-36,0,0,100,0,599,0,63,44,0,15,-39,0,0,100,0,148,934,23,37,0,2,-89,0,0,100,0,0,417,85,93,0,-95,-121,0,0,100,0,250,604,66,52,0,-68,-137,0,0,100,0,9,527,142,62,0,-68,-137,0,1,100,0,9,527,142,62,0,-80,-6,0,0,100,0,141,0,61,14,0,-30,-6,0,0,100,0,141,0,61,14,0,
0,32,-209,-6,0,0,100,0,892,225,55,13,0,9,-69,0,0,100,0,264,73,36,20,0,-6,-70,0,0,100,0,56,68,19,18,0,-10,-197,0,0,60,0,919,601,51,77,0,-7,-191,0,0,60,0,757,597,49,81,0,-2,-188,0,1,60,0,979,418,40,83,0,-6,-196,0,0,60,0,610,596,44,81,0,-2,-183,0,0,100,0,979,418,40,158,0,5,-93,0,0,100,0,172,142,24,39,0,-12,-70,0,0,100,0,4,111,29,50,0,-51,-120,0,1,100,0,525,47,73,43,0,7,-58,0,0,100,0,344,0,44,33,0,-20,-118,0,0,100,0,70,36,33,22,0,-38,-90,0,1,100,0,145,47,57,31,0,-30,-76,0,0,100,0,0,52,34,13,0,-38,-117,0,0,100,0,0,0,44,51,0,-39,-124,0,0,100,0,45,34,24,30,0,-3,-40,0,0,100,0,36,69,13,25,0,-29,-62,0,0,100,0,146,146,26,25,0,-22,-69,0,0,100,0,0,65,34,41,0,1,-87,0,0,100,0,365,64,62,37,0,-53,-64,0,0,100,0,382,593,27,23,0,-49,-51,0,0,100,0,415,596,21,18,0,-35,-54,0,0,100,0,466,594,20,17,0,-27,-44,0,0,100,0,153,181,52,50,0,18,-39,1,0,100,0,148,934,23,37,0,-79,-34,0,0,100,0,662,2,62,41,0,3,-92,0,0,100,0,86,414,83,94,0,-93,-125,0,0,100,0,265,662,65,56,0,-70,-142,0,0,100,0,154,524,145,66,0,-80,-6,0,0,100,0,141,0,61,14,0,-30,-6,0,0,100,0,141,0,61,14,0,
0,33,-210,-64,0,0,100,0,729,0,54,67,0,-209,-6,0,0,100,0,892,225,55,13,0,-6,-69,0,0,100,0,56,68,19,18,0,10,-68,0,0,100,0,265,92,34,17,0,-12,-70,0,0,100,0,4,111,29,50,0,-8,-198,0,0,30,0,972,595,50,79,0,-9,-194,0,0,30,0,808,598,49,81,0,-2,-192,0,1,50,0,979,418,40,83,0,-7,-198,0,0,30,0,660,594,44,82,0,-2,-183,0,0,100,0,979,418,40,158,0,5,-93,0,0,100,0,172,142,24,39,0,-53,-116,0,1,100,0,523,96,67,38,0,3,-57,0,0,100,0,386,0,46,34,0,-20,-118,0,0,100,0,70,36,33,22,0,-41,-93,0,1,100,0,142,79,57,32,0,-30,-76,0,0,100,0,0,52,34,13,0,-38,-116,0,0,100,0,0,0,44,51,0,-39,-124,0,0,100,0,45,34,24,30,0,-3,-40,0,0,100,0,36,69,13,25,0,-29,-61,0,0,100,0,146,146,26,25,0,-22,-69,0,0,100,0,0,65,34,41,0,1,-87,0,0,100,0,302,100,62,34,0,-53,-63,0,0,100,0,382,593,27,23,0,-49,-50,0,0,100,0,415,596,21,18,0,-35,-55,0,0,100,0,466,594,20,17,0,-27,-44,0,0,100,0,153,181,52,50,0,16,-41,0,0,100,0,126,933,24,37,0,-79,-41,0,0,100,0,599,49,61,49,0,2,-89,0,0,100,0,170,417,85,94,0,-93,-129,0,0,100,0,316,598,65,61,0,-68,-139,0,0,100,0,301,523,140,63,0,-80,-6,0,0,100,0,141,0,61,14,0,-30,-6,0,0,100,0,141,0,61,14,0,
0,32,-213,-60,0,0,100,0,783,4,61,63,0,-6,-68,0,0,100,0,56,68,19,18,0,6,-67,0,0,100,0,264,110,35,16,0,-12,-70,0,0,100,0,4,111,29,50,0,-8,-198,0,1,20,0,972,595,50,79,0,-9,-194,0,0,20,0,808,598,49,81,0,-2,-195,0,1,40,0,979,418,40,83,0,-11,-199,0,0,20,0,659,592,47,84,0,-2,-183,0,0,100,0,979,418,40,158,0,5,-93,0,0,100,0,172,142,24,39,0,-56,-119,0,1,100,0,520,139,70,40,0,6,-56,0,0,100,0,298,34,45,31,0,-20,-118,0,0,100,0,70,36,33,22,0,-42,-89,0,1,100,0,142,111,66,30,0,-30,-75,0,0,100,0,0,52,34,13,0,-38,-116,0,0,100,0,0,0,44,51,0,-39,-123,0,0,100,0,45,34,24,30,0,-3,-40,0,0,100,0,36,69,13,25,0,-29,-60,0,0,100,0,146,146,26,25,0,-22,-68,0,0,100,0,0,65,34,41,0,0,-89,0,0,100,0,367,99,64,35,0,-53,-63,0,0,100,0,382,593,27,23,0,-49,-51,0,0,100,0,415,596,21,18,0,-35,-56,0,0,100,0,466,594,20,17,0,-27,-44,0,0,100,0,153,181,52,50,0,15,-40,0,0,100,0,101,935,23,38,0,0,-89,0,0,100,0,254,417,88,92,0,-82,-43,0,0,100,0,663,47,66,53,0,-94,-125,0,0,100,0,332,657,66,62,0,-68,-138,0,0,100,0,448,522,138,64,0,-80,-6,0,0,100,0,141,0,61,14,0,-30,-6,0,0,100,0,141,0,61,14,0,
0,32,-6,-69,0,0,100,0,56,68,19,18,0,-12,-71,0,0,100,0,4,111,29,50,0,9,-68,0,0,100,0,264,127,37,18,0,-10,-205,0,0,15,0,919,601,51,77,0,-7,-199,0,0,15,0,757,597,49,81,0,-2,-196,0,1,25,0,979,418,40,83,0,-6,-207,0,0,15,0,610,596,44,81,0,-2,-183,0,0,100,0,979,418,40,158,0,5,-93,0,0,100,0,172,142,24,39,0,-55,-121,0,1,100,0,521,180,69,47,0,-211,-61,0,0,100,0,844,3,59,64,0,6,-56,0,0,100,0,342,34,44,30,0,-20,-117,0,0,100,0,70,36,33,22,0,-40,-92,0,1,100,0,203,49,62,35,0,-30,-75,0,0,100,0,0,52,34,13,0,-38,-116,0,0,100,0,0,0,44,51,0,-39,-122,0,0,100,0,45,34,24,30,0,-3,-40,0,0,100,0,36,69,13,25,0,-29,-61,0,0,100,0,146,146,26,25,0,-22,-69,0,0,100,0,0,65,34,41,0,-3,-89,0,0,100,0,304,136,63,35,0,-53,-64,0,0,100,0,382,593,27,23,0,-49,-51,0,0,100,0,415,596,21,18,0,-35,-56,0,0,100,0,466,594,20,17,0,-27,-44,0,0,100,0,153,181,52,50,0,13,-39,0,0,100,0,148,934,23,37,0,-83,-43,0,0,100,0,591,100,66,53,0,2,-93,0,0,100,0,341,413,85,98,0,-95,-123,0,0,100,0,397,618,66,56,0,-74,-139,0,0,100,0,586,520,148,65,0,-80,-6,0,0,100,0,141,0,61,14,0,-30,-6,0,0,100,0,141,0,61,14,0,
0,28,-212,-59,0,0,100,0,902,5,58,65,0,-6,-70,0,0,100,0,56,68,19,18,0,11,-70,0,0,100,0,265,144,34,19,0,-2,-183,0,0,100,0,979,418,40,158,0,5,-93,0,0,100,0,172,142,24,39,0,-12,-71,0,0,100,0,4,111,29,50,0,-57,-120,0,1,100,0,519,228,75,41,0,4,-58,0,0,100,0,388,34,43,30,0,-20,-116,0,0,100,0,70,36,33,22,0,-40,-86,0,1,100,0,207,83,57,29,0,-30,-77,0,0,100,0,0,52,34,13,0,-38,-117,0,0,100,0,0,0,44,51,0,-39,-122,0,0,100,0,45,34,24,30,0,-3,-40,0,0,100,0,36,69,13,25,0,-29,-62,0,0,100,0,146,146,26,25,0,-22,-69,0,0,100,0,0,65,34,41,0,0,-89,0,0,100,0,367,137,60,33,0,-53,-66,0,0,100,0,382,593,27,23,0,-49,-53,0,0,100,0,415,596,21,18,0,-35,-56,0,0,100,0,466,594,20,17,0,-27,-44,0,0,100,0,153,181,52,50,0,14,-39,0,0,100,0,148,934,23,37,0,-80,-37,0,0,100,0,657,104,63,47,0,2,-92,0,0,100,0,426,414,85,97,0,-95,-123,0,0,100,0,464,616,66,61,0,-71,-140,0,0,100,0,734,519,143,67,0,-80,-6,0,0,100,0,141,0,61,14,0,-30,-6,0,0,100,0,141,0,61,14,0,
0,29,-210,-57,0,0,100,0,963,7,58,62,0,-6,-70,0,0,100,0,56,68,19,18,0,9,-69,0,0,100,0,265,56,36,16,0,-12,-71,0,0,100,0,4,111,29,50,0,-58,-124,0,1,100,0,517,0,79,45,0,-2,-183,0,0,100,0,979,418,40,158,0,5,-93,0,0,100,0,172,142,24,39,0,6,-59,0,0,100,0,298,0,45,34,0,-20,-118,0,0,100,0,70,36,33,22,0,-38,-89,0,1,100,0,144,17,57,29,0,-30,-76,0,0,100,0,0,52,34,13,0,-38,-118,0,0,100,0,0,0,44,51,0,-39,-124,0,0,100,0,45,34,24,30,0,-3,-40,0,0,100,0,36,69,13,25,0,-29,-63,0,0,100,0,146,146,26,25,0,-22,-69,0,0,100,0,0,65,34,41,0,1,-87,0,0,100,0,303,64,61,37,0,-53,-65,0,0,100,0,382,593,27,23,0,-49,-52,0,0,100,0,415,596,21,18,0,-35,-55,0,0,100,0,466,594,20,17,0,-27,-44,0,0,100,0,153,181,52,50,0,-80,-36,0,0,100,0,599,0,63,44,0,15,-39,0,0,100,0,148,934,23,37,0,2,-89,0,0,100,0,0,417,85,93,0,-95,-121,0,0,100,0,250,604,66,52,0,-68,-137,0,0,100,0,9,527,142,62,0,-68,-137,0,1,100,0,9,527,142,62,0,-80,-6,0,0,100,0,141,0,61,14,0,-30,-6,0,0,100,0,141,0,61,14,0,
0,28,-210,-57,0,0,100,0,963,7,58,62,0,9,-69,0,0,100,0,264,73,36,20,0,-6,-70,0,0,100,0,56,68,19,18,0,-2,-183,0,0,100,0,979,418,40,158,0,5,-93,0,0,100,0,172,142,24,39,0,-12,-70,0,0,100,0,4,111,29,50,0,-51,-120,0,1,100,0,525,47,73,43,0,7,-58,0,0,100,0,344,0,44,33,0,-20,-118,0,0,100,0,70,36,33,22,0,-38,-90,0,1,100,0,145,47,57,31,0,-30,-76,0,0,100,0,0,52,34,13,0,-38,-117,0,0,100,0,0,0,44,51,0,-39,-124,0,0,100,0,45,34,24,30,0,-3,-40,0,0,100,0,36,69,13,25,0,-29,-62,0,0,100,0,146,146,26,25,0,-22,-69,0,0,100,0,0,65,34,41,0,1,-87,0,0,100,0,365,64,62,37,0,-53,-64,0,0,100,0,382,593,27,23,0,-49,-51,0,0,100,0,415,596,21,18,0,-35,-54,0,0,100,0,466,594,20,17,0,-27,-44,0,0,100,0,153,181,52,50,0,18,-39,1,0,100,0,148,934,23,37,0,-79,-34,0,0,100,0,662,2,62,41,0,3,-92,0,0,100,0,86,414,83,94,0,-93,-125,0,0,100,0,265,662,65,56,0,-70,-142,0,0,100,0,154,524,145,66,0,-80,-6,0,0,100,0,141,0,61,14,0,-30,-6,0,0,100,0,141,0,61,14,0,
0,28,-210,-57,0,0,100,0,963,7,58,62,0,-6,-69,0,0,100,0,56,68,19,18,0,10,-68,0,0,100,0,265,92,34,17,0,-12,-70,0,0,100,0,4,111,29,50,0,-2,-183,0,0,100,0,979,418,40,158,0,5,-93,0,0,100,0,172,142,24,39,0,-53,-116,0,1,100,0,523,96,67,38,0,3,-57,0,0,100,0,386,0,46,34,0,-20,-118,0,0,100,0,70,36,33,22,0,-41,-93,0,1,100,0,142,79,57,32,0,-30,-76,0,0,100,0,0,52,34,13,0,-38,-116,0,0,100,0,0,0,44,51,0,-39,-124,0,0,100,0,45,34,24,30,0,-3,-40,0,0,100,0,36,69,13,25,0,-29,-61,0,0,100,0,146,146,26,25,0,-22,-69,0,0,100,0,0,65,34,41,0,1,-87,0,0,100,0,302,100,62,34,0,-53,-63,0,0,100,0,382,593,27,23,0,-49,-50,0,0,100,0,415,596,21,18,0,-35,-55,0,0,100,0,466,594,20,17,0,-27,-44,0,0,100,0,153,181,52,50,0,16,-41,0,0,100,0,126,933,24,37,0,-79,-41,0,0,100,0,599,49,61,49,0,2,-89,0,0,100,0,170,417,85,94,0,-93,-129,0,0,100,0,316,598,65,61,0,-68,-139,0,0,100,0,301,523,140,63,0,-80,-6,0,0,100,0,141,0,61,14,0,-30,-6,0,0,100,0,141,0,61,14,0,
0,29,-214,-14,0,0,100,0,887,199,64,19,0,-203,-59,0,0,100,0,729,70,50,64,0,-6,-68,0,0,100,0,56,68,19,18,0,6,-67,0,0,100,0,264,110,35,16,0,-12,-70,0,0,100,0,4,111,29,50,0,-2,-183,0,0,100,0,979,418,40,158,0,5,-93,0,0,100,0,172,142,24,39,0,-56,-119,0,1,100,0,520,139,70,40,0,6,-56,0,0,100,0,298,34,45,31,0,-20,-118,0,0,100,0,70,36,33,22,0,-42,-89,0,1,100,0,142,111,66,30,0,-30,-75,0,0,100,0,0,52,34,13,0,-38,-116,0,0,100,0,0,0,44,51,0,-39,-123,0,0,100,0,45,34,24,30,0,-3,-40,0,0,100,0,36,69,13,25,0,-29,-60,0,0,100,0,146,146,26,25,0,-22,-68,0,0,100,0,0,65,34,41,0,0,-89,0,0,100,0,367,99,64,35,0,-53,-63,0,0,100,0,382,593,27,23,0,-49,-51,0,0,100,0,415,596,21,18,0,-35,-56,0,0,100,0,466,594,20,17,0,-27,-44,0,0,100,0,153,181,52,50,0,15,-40,0,0,100,0,101,935,23,38,0,0,-89,0,0,100,0,254,417,88,92,0,-82,-43,0,0,100,0,663,47,66,53,0,-94,-125,0,0,100,0,332,657,66,62,0,-68,-138,0,0,100,0,448,522,138,64,0,-80,-6,0,0,100,0,141,0,61,14,0,-30,-6,0,0,100,0,141,0,61,14,0,
0,29,-166,-39,0,0,100,0,994,105,11,27,0,-213,-57,0,0,100,0,808,74,60,63,0,-6,-69,0,0,100,0,56,68,19,18,0,-12,-71,0,0,100,0,4,111,29,50,0,9,-68,0,0,100,0,264,127,37,18,0,-2,-183,0,0,100,0,979,418,40,158,0,5,-93,0,0,100,0,172,142,24,39,0,-55,-121,0,1,100,0,521,180,69,47,0,6,-56,0,0,100,0,342,34,44,30,0,-20,-117,0,0,100,0,70,36,33,22,0,-40,-92,0,1,100,0,203,49,62,35,0,-30,-75,0,0,100,0,0,52,34,13,0,-38,-116,0,0,100,0,0,0,44,51,0,-39,-122,0,0,100,0,45,34,24,30,0,-3,-40,0,0,100,0,36,69,13,25,0,-29,-61,0,0,100,0,146,146,26,25,0,-22,-69,0,0,100,0,0,65,34,41,0,-3,-89,0,0,100,0,304,136,63,35,0,-53,-64,0,0,100,0,382,593,27,23,0,-49,-51,0,0,100,0,415,596,21,18,0,-35,-56,0,0,100,0,466,594,20,17,0,-27,-44,0,0,100,0,153,181,52,50,0,13,-39,0,0,100,0,148,934,23,37,0,-83,-43,0,0,100,0,591,100,66,53,0,2,-93,0,0,100,0,341,413,85,98,0,-95,-123,0,0,100,0,397,618,66,56,0,-74,-139,0,0,100,0,586,520,148,65,0,-80,-6,0,0,100,0,141,0,61,14,0,-30,-6,0,0,100,0,141,0,61,14,0,
0,29,-161,-34,0,0,100,0,1007,111,8,19,0,-213,-57,0,0,100,0,808,74,60,63,0,-6,-70,0,0,100,0,56,68,19,18,0,11,-70,0,0,100,0,265,144,34,19,0,-2,-183,0,0,100,0,979,418,40,158,0,5,-93,0,0,100,0,172,142,24,39,0,-12,-71,0,0,100,0,4,111,29,50,0,-57,-120,0,1,100,0,519,228,75,41,0,4,-58,0,0,100,0,388,34,43,30,0,-20,-116,0,0,100,0,70,36,33,22,0,-40,-86,0,1,100,0,207,83,57,29,0,-30,-77,0,0,100,0,0,52,34,13,0,-38,-117,0,0,100,0,0,0,44,51,0,-39,-122,0,0,100,0,45,34,24,30,0,-3,-40,0,0,100,0,36,69,13,25,0,-29,-62,0,0,100,0,146,146,26,25,0,-22,-69,0,0,100,0,0,65,34,41,0,0,-89,0,0,100,0,367,137,60,33,0,-53,-66,0,0,100,0,382,593,27,23,0,-49,-53,0,0,100,0,415,596,21,18,0,-35,-56,0,0,100,0,466,594,20,17,0,-27,-44,0,0,100,0,153,181,52,50,0,14,-39,0,0,100,0,148,934,23,37,0,-80,-37,0,0,100,0,657,104,63,47,0,2,-92,0,0,100,0,426,414,85,97,0,-95,-123,0,0,100,0,464,616,66,61,0,-71,-140,0,0,100,0,734,519,143,67,0,-80,-6,0,0,100,0,141,0,61,14,0,-30,-6,0,0,100,0,141,0,61,14,0,
0,30,-157,-29,0,0,100,0,1014,112,10,17,0,-212,-56,0,0,100,0,869,75,59,62,0,-6,-70,0,0,100,0,56,68,19,18,0,9,-69,0,0,100,0,265,56,36,16,0,-12,-71,0,0,100,0,4,111,29,50,0,-58,-124,0,1,100,0,517,0,79,45,0,-2,-183,0,0,100,0,979,418,40,158,0,5,-93,0,0,100,0,172,142,24,39,0,6,-59,0,0,100,0,298,0,45,34,0,-20,-118,0,0,100,0,70,36,33,22,0,-38,-89,0,1,100,0,144,17,57,29,0,-30,-76,0,0,100,0,0,52,34,13,0,-38,-118,0,0,100,0,0,0,44,51,0,-39,-124,0,0,100,0,45,34,24,30,0,-3,-40,0,0,100,0,36,69,13,25,0,-29,-63,0,0,100,0,146,146,26,25,0,-22,-69,0,0,100,0,0,65,34,41,0,1,-87,0,0,100,0,303,64,61,37,0,-53,-65,0,0,100,0,382,593,27,23,0,-49,-52,0,0,100,0,415,596,21,18,0,-35,-55,0,0,100,0,466,594,20,17,0,-27,-44,0,0,100,0,153,181,52,50,0,-80,-36,0,0,100,0,599,0,63,44,0,15,-39,0,0,100,0,148,934,23,37,0,2,-89,0,0,100,0,0,417,85,93,0,-95,-121,0,0,100,0,250,604,66,52,0,-68,-137,0,0,100,0,9,527,142,62,0,-68,-137,0,1,100,0,9,527,142,62,0,-80,-6,0,0,100,0,141,0,61,14,0,-30,-6,0,0,100,0,141,0,61,14,0,
0,29,-154,-11,0,0,100,0,892,225,55,13,0,-212,-57,0,0,100,0,928,74,58,64,0,9,-69,0,0,100,0,264,73,36,20,0,-6,-70,0,0,100,0,56,68,19,18,0,-2,-183,0,0,100,0,979,418,40,158,0,5,-93,0,0,100,0,172,142,24,39,0,-12,-70,0,0,100,0,4,111,29,50,0,-51,-120,0,1,100,0,525,47,73,43,0,7,-58,0,0,100,0,344,0,44,33,0,-20,-118,0,0,100,0,70,36,33,22,0,-38,-90,0,1,100,0,145,47,57,31,0,-30,-76,0,0,100,0,0,52,34,13,0,-38,-117,0,0,100,0,0,0,44,51,0,-39,-124,0,0,100,0,45,34,24,30,0,-3,-40,0,0,100,0,36,69,13,25,0,-29,-62,0,0,100,0,146,146,26,25,0,-22,-69,0,0,100,0,0,65,34,41,0,1,-87,0,0,100,0,365,64,62,37,0,-53,-64,0,0,100,0,382,593,27,23,0,-49,-51,0,0,100,0,415,596,21,18,0,-35,-54,0,0,100,0,466,594,20,17,0,-27,-44,0,0,100,0,153,181,52,50,0,18,-39,1,0,100,0,148,934,23,37,0,-79,-34,0,0,100,0,662,2,62,41,0,3,-92,0,0,100,0,86,414,83,94,0,-93,-125,0,0,100,0,265,662,65,56,0,-70,-142,0,0,100,0,154,524,145,66,0,-80,-6,0,0,100,0,141,0,61,14,0,-30,-6,0,0,100,0,141,0,61,14,0,
0,29,-234,-16,0,0,100,0,719,139,85,21,0,-156,-68,0,0,100,0,730,0,53,67,0,-6,-69,0,0,100,0,56,68,19,18,0,10,-68,0,0,100,0,265,92,34,17,0,-12,-70,0,0,100,0,4,111,29,50,0,-2,-183,0,0,100,0,979,418,40,158,0,5,-93,0,0,100,0,172,142,24,39,0,-53,-116,0,1,100,0,523,96,67,38,0,3,-57,0,0,100,0,386,0,46,34,0,-20,-118,0,0,100,0,70,36,33,22,0,-41,-93,0,1,100,0,142,79,57,32,0,-30,-76,0,0,100,0,0,52,34,13,0,-38,-116,0,0,100,0,0,0,44,51,0,-39,-124,0,0,100,0,45,34,24,30,0,-3,-40,0,0,100,0,36,69,13,25,0,-29,-61,0,0,100,0,146,146,26,25,0,-22,-69,0,0,100,0,0,65,34,41,0,1,-87,0,0,100,0,302,100,62,34,0,-53,-63,0,0,100,0,382,593,27,23,0,-49,-50,0,0,100,0,415,596,21,18,0,-35,-55,0,0,100,0,466,594,20,17,0,-27,-44,0,0,100,0,153,181,52,50,0,16,-41,0,0,100,0,126,933,24,37,0,-79,-41,0,0,100,0,599,49,61,49,0,2,-89,0,0,100,0,170,417,85,94,0,-93,-129,0,0,100,0,316,598,65,61,0,-68,-139,0,0,100,0,301,523,140,63,0,-80,-6,0,0,100,0,141,0,61,14,0,-30,-6,0,0,100,0,141,0,61,14,0,
0,30,-234,-16,0,0,100,0,719,139,85,21,0,-160,-67,0,0,100,0,784,2,59,66,0,-158,-12,0,0,100,0,892,225,55,13,0,-6,-68,0,0,100,0,56,68,19,18,0,6,-67,0,0,100,0,264,110,35,16,0,-12,-70,0,0,100,0,4,111,29,50,0,-2,-183,0,0,100,0,979,418,40,158,0,5,-93,0,0,100,0,172,142,24,39,0,-56,-119,0,1,100,0,520,139,70,40,0,6,-56,0,0,100,0,298,34,45,31,0,-20,-118,0,0,100,0,70,36,33,22,0,-42,-89,0,1,100,0,142,111,66,30,0,-30,-75,0,0,100,0,0,52,34,13,0,-38,-116,0,0,100,0,0,0,44,51,0,-39,-123,0,0,100,0,45,34,24,30,0,-3,-40,0,0,100,0,36,69,13,25,0,-29,-60,0,0,100,0,146,146,26,25,0,-22,-68,0,0,100,0,0,65,34,41,0,0,-89,0,0,100,0,367,99,64,35,0,-53,-63,0,0,100,0,382,593,27,23,0,-49,-51,0,0,100,0,415,596,21,18,0,-35,-56,0,0,100,0,466,594,20,17,0,-27,-44,0,0,100,0,153,181,52,50,0,15,-40,0,0,100,0,101,935,23,38,0,0,-89,0,0,100,0,254,417,88,92,0,-82,-43,0,0,100,0,663,47,66,53,0,-94,-125,0,0,100,0,332,657,66,62,0,-68,-138,0,0,100,0,448,522,138,64,0,-80,-6,0,0,100,0,141,0,61,14,0,-30,-6,0,0,100,0,141,0,61,14,0,
0,31,-233,-23,0,0,100,0,722,162,82,28,0,-159,-66,0,0,100,0,844,3,59,64,0,-125,-2,0,0,100,0,892,225,55,13,0,-158,-12,0,0,100,0,892,225,55,13,0,-6,-69,0,0,100,0,56,68,19,18,0,-12,-71,0,0,100,0,4,111,29,50,0,9,-68,0,0,100,0,264,127,37,18,0,-2,-183,0,0,100,0,979,418,40,158,0,5,-93,0,0,100,0,172,142,24,39,0,-55,-121,0,1,100,0,521,180,69,47,0,6,-56,0,0,100,0,342,34,44,30,0,-20,-117,0,0,100,0,70,36,33,22,0,-40,-92,0,1,100,0,203,49,62,35,0,-30,-75,0,0,100,0,0,52,34,13,0,-38,-116,0,0,100,0,0,0,44,51,0,-39,-122,0,0,100,0,45,34,24,30,0,-3,-40,0,0,100,0,36,69,13,25,0,-29,-61,0,0,100,0,146,146,26,25,0,-22,-69,0,0,100,0,0,65,34,41,0,-3,-89,0,0,100,0,304,136,63,35,0,-53,-64,0,0,100,0,382,593,27,23,0,-49,-51,0,0,100,0,415,596,21,18,0,-35,-56,0,0,100,0,466,594,20,17,0,-27,-44,0,0,100,0,153,181,52,50,0,13,-39,0,0,100,0,148,934,23,37,0,-83,-43,0,0,100,0,591,100,66,53,0,2,-93,0,0,100,0,341,413,85,98,0,-95,-123,0,0,100,0,397,618,66,56,0,-74,-139,0,0,100,0,586,520,148,65,0,-80,-6,0,0,100,0,141,0,61,14,0,-30,-6,0,0,100,0,141,0,61,14,0,
0,30,-160,-64,0,0,100,0,902,5,60,65,0,-233,-23,0,0,100,0,722,162,82,28,0,-125,-2,0,0,100,0,892,225,55,13,0,-6,-70,0,0,100,0,56,68,19,18,0,11,-70,0,0,100,0,265,144,34,19,0,-2,-183,0,0,100,0,979,418,40,158,0,5,-93,0,0,100,0,172,142,24,39,0,-12,-71,0,0,100,0,4,111,29,50,0,-57,-120,0,1,100,0,519,228,75,41,0,4,-58,0,0,100,0,388,34,43,30,0,-20,-116,0,0,100,0,70,36,33,22,0,-40,-86,0,1,100,0,207,83,57,29,0,-30,-77,0,0,100,0,0,52,34,13,0,-38,-117,0,0,100,0,0,0,44,51,0,-39,-122,0,0,100,0,45,34,24,30,0,-3,-40,0,0,100,0,36,69,13,25,0,-29,-62,0,0,100,0,146,146,26,25,0,-22,-69,0,0,100,0,0,65,34,41,0,0,-89,0,0,100,0,367,137,60,33,0,-53,-66,0,0,100,0,382,593,27,23,0,-49,-53,0,0,100,0,415,596,21,18,0,-35,-56,0,0,100,0,466,594,20,17,0,-27,-44,0,0,100,0,153,181,52,50,0,14,-39,0,0,100,0,148,934,23,37,0,-80,-37,0,0,100,0,657,104,63,47,0,2,-92,0,0,100,0,426,414,85,97,0,-95,-123,0,0,100,0,464,616,66,61,0,-71,-140,0,0,100,0,734,519,143,67,0,-80,-6,0,0,100,0,141,0,61,14,0,-30,-6,0,0,100,0,141,0,61,14,0,
0,31,-160,-64,0,0,100,0,961,5,61,67,0,-232,-31,0,0,100,0,725,192,81,37,0,-125,-2,0,0,100,0,892,225,55,13,0,-6,-70,0,0,100,0,56,68,19,18,0,9,-69,0,0,100,0,265,56,36,16,0,-12,-71,0,0,100,0,4,111,29,50,0,-58,-124,0,1,100,0,517,0,79,45,0,-2,-183,0,0,100,0,979,418,40,158,0,5,-93,0,0,100,0,172,142,24,39,0,6,-59,0,0,100,0,298,0,45,34,0,-20,-118,0,0,100,0,70,36,33,22,0,-38,-89,0,1,100,0,144,17,57,29,0,-30,-76,0,0,100,0,0,52,34,13,0,-38,-118,0,0,100,0,0,0,44,51,0,-39,-124,0,0,100,0,45,34,24,30,0,-3,-40,0,0,100,0,36,69,13,25,0,-29,-63,0,0,100,0,146,146,26,25,0,-22,-69,0,0,100,0,0,65,34,41,0,1,-87,0,0,100,0,303,64,61,37,0,-53,-65,0,0,100,0,382,593,27,23,0,-49,-52,0,0,100,0,415,596,21,18,0,-35,-55,0,0,100,0,466,594,20,17,0,-27,-44,0,0,100,0,153,181,52,50,0,-80,-36,0,0,100,0,599,0,63,44,0,15,-39,0,0,100,0,148,934,23,37,0,2,-89,0,0,100,0,0,417,85,93,0,-95,-121,0,0,100,0,250,604,66,52,0,-68,-137,0,0,100,0,9,527,142,62,0,-68,-137,0,1,100,0,9,527,142,62,0,-80,-6,0,0,100,0,141,0,61,14,0,-30,-6,0,0,100,0,141,0,61,14,0,
0,33,-135,-59,0,0,100,0,729,0,54,67,0,-225,-39,0,0,100,0,806,194,76,47,0,-161,-19,0,0,100,0,888,199,32,19,0,-153,-63,0,0,100,0,727,71,52,63,0,-209,-6,0,0,100,0,892,225,55,13,0,-125,-2,0,0,100,0,892,225,55,13,0,9,-69,0,0,100,0,264,73,36,20,0,-6,-70,0,0,100,0,56,68,19,18,0,-2,-183,0,0,100,0,979,418,40,158,0,5,-93,0,0,100,0,172,142,24,39,0,-12,-70,0,0,100,0,4,111,29,50,0,-51,-120,0,1,100,0,525,47,73,43,0,7,-58,0,0,100,0,344,0,44,33,0,-20,-118,0,0,100,0,70,36,33,22,0,-38,-90,0,1,100,0,145,47,57,31,0,-30,-76,0,0,100,0,0,52,34,13,0,-38,-117,0,0,100,0,0,0,44,51,0,-39,-124,0,0,100,0,45,34,24,30,0,-3,-40,0,0,100,0,36,69,13,25,0,-29,-62,0,0,100,0,146,146,26,25,0,-22,-69,0,0,100,0,0,65,34,41,0,1,-87,0,0,100,0,365,64,62,37,0,-53,-64,0,0,100,0,382,593,27,23,0,-49,-51,0,0,100,0,415,596,21,18,0,-35,-54,0,0,100,0,466,594,20,17,0,-27,-44,0,0,100,0,153,181,52,50,0,18,-39,1,0,100,0,148,934,23,37,0,-79,-34,0,0,100,0,662,2,62,41,0,3,-92,0,0,100,0,86,414,83,94,0,-93,-125,0,0,100,0,265,662,65,56,0,-70,-142,0,0,100,0,154,524,145,66,0,-80,-6,0,0,100,0,141,0,61,14,0,-30,-6,0,0,100,0,141,0,61,14,0,
0,30,-136,-56,0,0,100,0,785,3,58,62,0,-216,-52,0,0,100,0,811,137,69,57,0,-161,-66,0,0,100,0,808,70,60,68,0,-6,-69,0,0,100,0,56,68,19,18,0,10,-68,0,0,100,0,265,92,34,17,0,-12,-70,0,0,100,0,4,111,29,50,0,-2,-183,0,0,100,0,979,418,40,158,0,5,-93,0,0,100,0,172,142,24,39,0,-53,-116,0,1,100,0,523,96,67,38,0,3,-57,0,0,100,0,386,0,46,34,0,-20,-118,0,0,100,0,70,36,33,22,0,-41,-93,0,1,100,0,142,79,57,32,0,-30,-76,0,0,100,0,0,52,34,13,0,-38,-116,0,0,100,0,0,0,44,51,0,-39,-124,0,0,100,0,45,34,24,30,0,-3,-40,0,0,100,0,36,69,13,25,0,-29,-61,0,0,100,0,146,146,26,25,0,-22,-69,0,0,100,0,0,65,34,41,0,1,-87,0,0,100,0,302,100,62,34,0,-53,-63,0,0,100,0,382,593,27,23,0,-49,-50,0,0,100,0,415,596,21,18,0,-35,-55,0,0,100,0,466,594,20,17,0,-79,-41,0,0,100,0,599,49,61,49,0,-27,-44,0,0,100,0,153,181,52,50,0,16,-41,0,0,100,0,126,933,24,37,0,2,-89,0,0,100,0,170,417,85,94,0,-93,-129,0,0,100,0,316,598,65,61,0,-68,-139,0,0,100,0,301,523,140,63,0,-80,-6,0,0,100,0,141,0,61,14,0,-30,-6,0,0,100,0,141,0,61,14,0,
0,30,-138,-55,0,0,100,0,843,4,58,62,0,-214,-44,0,0,100,0,879,146,63,51,0,-160,-63,0,0,100,0,869,73,59,65,0,-6,-68,0,0,100,0,56,68,19,18,0,6,-67,0,0,100,0,264,110,35,16,0,-12,-70,0,0,100,0,4,111,29,50,0,-2,-183,0,0,100,0,979,418,40,158,0,5,-93,0,0,100,0,172,142,24,39,0,-56,-119,0,1,100,0,520,139,70,40,0,6,-56,0,0,100,0,298,34,45,31,0,-20,-118,0,0,100,0,70,36,33,22,0,-42,-89,0,1,100,0,142,111,66,30,0,-30,-75,0,0,100,0,0,52,34,13,0,-38,-116,0,0,100,0,0,0,44,51,0,-39,-123,0,0,100,0,45,34,24,30,0,-3,-40,0,0,100,0,36,69,13,25,0,-29,-60,0,0,100,0,146,146,26,25,0,-22,-68,0,0,100,0,0,65,34,41,0,0,-89,0,0,100,0,367,99,64,35,0,-53,-63,0,0,100,0,382,593,27,23,0,-49,-51,0,0,100,0,415,596,21,18,0,-35,-56,0,0,100,0,466,594,20,17,0,-27,-44,0,0,100,0,153,181,52,50,0,15,-40,0,0,100,0,101,935,23,38,0,0,-89,0,0,100,0,254,417,88,92,0,-82,-43,0,0,100,0,663,47,66,53,0,-94,-125,0,0,100,0,332,657,66,62,0,-68,-138,0,0,100,0,448,522,138,64,0,-80,-6,0,0,100,0,141,0,61,14,0,-30,-6,0,0,100,0,141,0,61,14,0,
0,32,-213,-47,0,0,100,0,942,140,70,52,0,-137,-56,0,0,100,0,903,3,58,67,0,-160,-63,0,0,100,0,928,73,63,66,0,-125,-2,0,0,100,0,892,225,55,13,0,-201,-12,0,0,40,0,107,230,49,18,0,-6,-69,0,0,100,0,56,68,19,18,0,-12,-71,0,0,100,0,4,111,29,50,0,9,-68,0,0,100,0,264,127,37,18,0,-2,-183,0,0,100,0,979,418,40,158,0,5,-93,0,0,100,0,172,142,24,39,0,-55,-121,0,1,100,0,521,180,69,47,0,6,-56,0,0,100,0,342,34,44,30,0,-20,-117,0,0,100,0,70,36,33,22,0,-40,-92,0,1,100,0,203,49,62,35,0,-30,-75,0,0,100,0,0,52,34,13,0,-38,-116,0,0,100,0,0,0,44,51,0,-39,-122,0,0,100,0,45,34,24,30,0,-3,-40,0,0,100,0,36,69,13,25,0,-29,-61,0,0,100,0,146,146,26,25,0,-22,-69,0,0,100,0,0,65,34,41,0,-3,-89,0,0,100,0,304,136,63,35,0,-53,-64,0,0,100,0,382,593,27,23,0,-49,-51,0,0,100,0,415,596,21,18,0,-35,-56,0,0,100,0,466,594,20,17,0,-27,-44,0,0,100,0,153,181,52,50,0,13,-39,0,0,100,0,148,934,23,37,0,-83,-43,0,0,100,0,591,100,66,53,0,2,-93,0,0,100,0,341,413,85,98,0,-95,-123,0,0,100,0,397,618,66,56,0,-74,-139,0,0,100,0,586,520,148,65,0,-80,-6,0,0,100,0,141,0,61,14,0,-30,-6,0,0,100,0,141,0,61,14,0,
0,34,-212,-10,0,0,70,0,889,203,61,15,0,-195,-46,0,0,100,0,433,0,41,49,0,-201,-12,0,0,50,0,107,230,49,18,0,-181,-23,0,0,100,0,720,137,86,26,0,-138,-59,0,0,100,0,961,0,63,71,0,-125,-2,0,0,100,0,892,225,55,13,0,-158,-12,0,0,100,0,892,225,55,13,0,-6,-70,0,0,100,0,56,68,19,18,0,11,-70,0,0,100,0,265,144,34,19,0,-2,-183,0,0,100,0,979,418,40,158,0,5,-93,0,0,100,0,172,142,24,39,0,-12,-71,0,0,100,0,4,111,29,50,0,-57,-120,0,1,100,0,519,228,75,41,0,4,-58,0,0,100,0,388,34,43,30,0,-20,-116,0,0,100,0,70,36,33,22,0,-40,-86,0,1,100,0,207,83,57,29,0,-30,-77,0,0,100,0,0,52,34,13,0,-38,-117,0,0,100,0,0,0,44,51,0,-39,-122,0,0,100,0,45,34,24,30,0,-3,-40,0,0,100,0,36,69,13,25,0,-29,-62,0,0,100,0,146,146,26,25,0,-22,-69,0,0,100,0,0,65,34,41,0,0,-89,0,0,100,0,367,137,60,33,0,-53,-66,0,0,100,0,382,593,27,23,0,-49,-53,0,0,100,0,415,596,21,18,0,-35,-56,0,0,100,0,466,594,20,17,0,-27,-44,0,0,100,0,153,181,52,50,0,14,-39,0,0,100,0,148,934,23,37,0,-80,-37,0,0,100,0,657,104,63,47,0,2,-92,0,0,100,0,426,414,85,97,0,-95,-123,0,0,100,0,464,616,66,61,0,-71,-140,0,0,100,0,734,519,143,67,0,-80,-6,0,0,100,0,141,0,61,14,0,-30,-6,0,0,100,0,141,0,61,14,0,
0,33,-194,-44,0,0,100,0,474,2,42,46,0,-201,-12,0,0,70,0,107,230,49,18,0,-139,-9,0,0,100,0,888,199,32,19,0,-131,-53,0,0,100,0,727,71,52,63,0,-185,-28,0,0,100,0,718,162,86,30,0,-6,-70,0,0,100,0,56,68,19,18,0,9,-69,0,0,100,0,265,56,36,16,0,-12,-71,0,0,100,0,4,111,29,50,0,-58,-124,0,1,100,0,517,0,79,45,0,-2,-183,0,0,100,0,979,418,40,158,0,5,-93,0,0,100,0,172,142,24,39,0,6,-59,0,0,100,0,298,0,45,34,0,-20,-118,0,0,100,0,70,36,33,22,0,-38,-89,0,1,100,0,144,17,57,29,0,-30,-76,0,0,100,0,0,52,34,13,0,-38,-118,0,0,100,0,0,0,44,51,0,-39,-124,0,0,100,0,45,34,24,30,0,-3,-40,0,0,100,0,36,69,13,25,0,-29,-63,0,0,100,0,146,146,26,25,0,-22,-69,0,0,100,0,0,65,34,41,0,1,-87,0,0,100,0,303,64,61,37,0,-53,-65,0,0,100,0,382,593,27,23,0,-49,-52,0,0,100,0,415,596,21,18,0,-35,-55,0,0,100,0,466,594,20,17,0,-27,-44,0,0,100,0,153,181,52,50,0,-80,-36,0,0,100,0,599,0,63,44,0,15,-39,0,0,100,0,148,934,23,37,0,2,-89,0,0,100,0,0,417,85,93,0,-95,-121,0,0,100,0,250,604,66,52,0,-68,-137,0,0,100,0,9,527,142,62,0,-68,-137,0,1,100,0,9,527,142,62,0,-80,-6,0,0,100,0,141,0,61,14,0,-30,-6,0,0,100,0,141,0,61,14,0,
0,31,-195,-46,0,0,100,0,433,49,42,48,0,-201,-12,0,0,100,0,107,230,49,18,0,-140,-51,0,0,100,0,807,75,59,61,0,-181,-37,0,0,100,0,724,191,82,39,0,9,-69,0,0,100,0,264,73,36,20,0,-6,-70,0,0,100,0,56,68,19,18,0,-2,-183,0,0,100,0,979,418,40,158,0,5,-93,0,0,100,0,172,142,24,39,0,-12,-70,0,0,100,0,4,111,29,50,0,-51,-120,0,1,100,0,525,47,73,43,0,7,-58,0,0,100,0,344,0,44,33,0,-20,-118,0,0,100,0,70,36,33,22,0,-38,-90,0,1,100,0,145,47,57,31,0,-30,-76,0,0,100,0,0,52,34,13,0,-38,-117,0,0,100,0,0,0,44,51,0,-39,-124,0,0,100,0,45,34,24,30,0,-3,-40,0,0,100,0,36,69,13,25,0,-29,-62,0,0,100,0,146,146,26,25,0,-22,-69,0,0,100,0,0,65,34,41,0,1,-87,0,0,100,0,365,64,62,37,0,-53,-64,0,0,100,0,382,593,27,23,0,-49,-51,0,0,100,0,415,596,21,18,0,-35,-54,0,0,100,0,466,594,20,17,0,-27,-44,0,0,100,0,153,181,52,50,0,18,-39,1,0,100,0,148,934,23,37,0,-79,-34,0,0,100,0,662,2,62,41,0,3,-92,0,0,100,0,86,414,83,94,0,-93,-125,0,0,100,0,265,662,65,56,0,-70,-142,0,0,100,0,154,524,145,66,0,-80,-6,0,0,100,0,141,0,61,14,0,-30,-6,0,0,100,0,141,0,61,14,0,
0,31,-192,-47,0,0,100,0,475,48,42,49,0,-139,-52,0,0,100,0,868,74,59,62,0,-173,-44,0,0,100,0,806,194,75,51,0,-201,-12,0,0,100,0,107,230,49,18,0,-6,-69,0,0,100,0,56,68,19,18,0,10,-68,0,0,100,0,265,92,34,17,0,-12,-70,0,0,100,0,4,111,29,50,0,-2,-183,0,0,100,0,979,418,40,158,0,5,-93,0,0,100,0,172,142,24,39,0,-53,-116,0,1,100,0,523,96,67,38,0,3,-57,0,0,100,0,386,0,46,34,0,-20,-118,0,0,100,0,70,36,33,22,0,-41,-93,0,1,100,0,142,79,57,32,0,-30,-76,0,0,100,0,0,52,34,13,0,-38,-116,0,0,100,0,0,0,44,51,0,-39,-124,0,0,100,0,45,34,24,30,0,-3,-40,0,0,100,0,36,69,13,25,0,-29,-61,0,0,100,0,146,146,26,25,0,-22,-69,0,0,100,0,0,65,34,41,0,1,-87,0,0,100,0,302,100,62,34,0,-53,-63,0,0,100,0,382,593,27,23,0,-49,-50,0,0,100,0,415,596,21,18,0,-35,-55,0,0,100,0,466,594,20,17,0,-27,-44,0,0,100,0,153,181,52,50,0,16,-41,0,0,100,0,126,933,24,37,0,-79,-41,0,0,100,0,599,49,61,49,0,2,-89,0,0,100,0,170,417,85,94,0,-93,-129,0,0,100,0,316,598,65,61,0,-68,-139,0,0,100,0,301,523,140,63,0,-80,-6,0,0,100,0,141,0,61,14,0,-30,-6,0,0,100,0,141,0,61,14,0,
0,31,-195,-46,0,0,100,0,433,49,42,48,0,-139,-52,0,0,100,0,927,74,64,63,0,-160,-57,0,0,100,0,815,137,62,57,0,-201,-12,0,0,100,0,107,230,49,18,0,-6,-68,0,0,100,0,56,68,19,18,0,6,-67,0,0,100,0,264,110,35,16,0,-12,-70,0,0,100,0,4,111,29,50,0,-2,-183,0,0,100,0,979,418,40,158,0,5,-93,0,0,100,0,172,142,24,39,0,-56,-119,0,1,100,0,520,139,70,40,0,6,-56,0,0,100,0,298,34,45,31,0,-20,-118,0,0,100,0,70,36,33,22,0,-42,-89,0,1,100,0,142,111,66,30,0,-30,-75,0,0,100,0,0,52,34,13,0,-38,-116,0,0,100,0,0,0,44,51,0,-39,-123,0,0,100,0,45,34,24,30,0,-3,-40,0,0,100,0,36,69,13,25,0,-29,-60,0,0,100,0,146,146,26,25,0,-22,-68,0,0,100,0,0,65,34,41,0,0,-89,0,0,100,0,367,99,64,35,0,-53,-63,0,0,100,0,382,593,27,23,0,-49,-51,0,0,100,0,415,596,21,18,0,-35,-56,0,0,100,0,466,594,20,17,0,-27,-44,0,0,100,0,153,181,52,50,0,15,-40,0,0,100,0,101,935,23,38,0,0,-89,0,0,100,0,254,417,88,92,0,-82,-43,0,0,100,0,663,47,66,53,0,-94,-125,0,0,100,0,332,657,66,62,0,-68,-138,0,0,100,0,448,522,138,64,0,-80,-6,0,0,100,0,141,0,61,14,0,-30,-6,0,0,100,0,141,0,61,14,0,
0,31,-194,-44,0,0,100,0,474,2,42,46,0,-158,-13,0,0,100,0,721,137,85,24,0,-160,-50,0,0,100,0,881,145,61,52,0,-201,-12,0,0,100,0,107,230,49,18,0,-6,-69,0,0,100,0,56,68,19,18,0,-12,-71,0,0,100,0,4,111,29,50,0,9,-68,0,0,100,0,264,127,37,18,0,-2,-183,0,0,100,0,979,418,40,158,0,5,-93,0,0,100,0,172,142,24,39,0,-55,-121,0,1,100,0,521,180,69,47,0,6,-56,0,0,100,0,342,34,44,30,0,-20,-117,0,0,100,0,70,36,33,22,0,-40,-92,0,1,100,0,203,49,62,35,0,-30,-75,0,0,100,0,0,52,34,13,0,-38,-116,0,0,100,0,0,0,44,51,0,-39,-122,0,0,100,0,45,34,24,30,0,-3,-40,0,0,100,0,36,69,13,25,0,-29,-61,0,0,100,0,146,146,26,25,0,-22,-69,0,0,100,0,0,65,34,41,0,-3,-89,0,0,100,0,304,136,63,35,0,-53,-64,0,0,100,0,382,593,27,23,0,-49,-51,0,0,100,0,415,596,21,18,0,-35,-56,0,0,100,0,466,594,20,17,0,-27,-44,0,0,100,0,153,181,52,50,0,13,-39,0,0,100,0,148,934,23,37,0,-83,-43,0,0,100,0,591,100,66,53,0,2,-93,0,0,100,0,341,413,85,98,0,-95,-123,0,0,100,0,397,618,66,56,0,-74,-139,0,0,100,0,586,520,148,65,0,-80,-6,0,0,100,0,141,0,61,14,0,-30,-6,0,0,100,0,141,0,61,14,0,
0,32,-195,-46,0,0,100,0,433,0,41,49,0,-159,-18,0,0,100,0,722,162,83,28,0,-161,-51,0,0,100,0,942,141,67,51,0,-201,-12,0,0,100,0,107,230,49,18,0,-158,-12,0,0,100,0,892,225,55,13,0,-6,-70,0,0,100,0,56,68,19,18,0,11,-70,0,0,100,0,265,144,34,19,0,-2,-183,0,0,100,0,979,418,40,158,0,5,-93,0,0,100,0,172,142,24,39,0,-12,-71,0,0,100,0,4,111,29,50,0,-57,-120,0,1,100,0,519,228,75,41,0,4,-58,0,0,100,0,388,34,43,30,0,-20,-116,0,0,100,0,70,36,33,22,0,-40,-86,0,1,100,0,207,83,57,29,0,-30,-77,0,0,100,0,0,52,34,13,0,-38,-117,0,0,100,0,0,0,44,51,0,-39,-122,0,0,100,0,45,34,24,30,0,-3,-40,0,0,100,0,36,69,13,25,0,-29,-62,0,0,100,0,146,146,26,25,0,-22,-69,0,0,100,0,0,65,34,41,0,0,-89,0,0,100,0,367,137,60,33,0,-53,-66,0,0,100,0,382,593,27,23,0,-49,-53,0,0,100,0,415,596,21,18,0,-35,-56,0,0,100,0,466,594,20,17,0,-27,-44,0,0,100,0,153,181,52,50,0,14,-39,0,0,100,0,148,934,23,37,0,-80,-37,0,0,100,0,657,104,63,47,0,2,-92,0,0,100,0,426,414,85,97,0,-95,-123,0,0,100,0,464,616,66,61,0,-71,-140,0,0,100,0,734,519,143,67,0,-80,-6,0,0,100,0,141,0,61,14,0,-30,-6,0,0,100,0,141,0,61,14,0,
0,33,-208,-43,0,0,100,0,203,2,48,48,0,-159,-26,0,0,100,0,724,192,81,39,0,-160,-15,0,0,70,0,889,203,61,15,0,-143,-51,0,0,100,0,433,0,41,49,0,-201,-12,0,0,100,0,107,230,49,18,0,-6,-70,0,0,100,0,56,68,19,18,0,9,-69,0,0,100,0,265,56,36,16,0,-12,-71,0,0,100,0,4,111,29,50,0,-58,-124,0,1,100,0,517,0,79,45,0,-2,-183,0,0,100,0,979,418,40,158,0,5,-93,0,0,100,0,172,142,24,39,0,6,-59,0,0,100,0,298,0,45,34,0,-20,-118,0,0,100,0,70,36,33,22,0,-38,-89,0,1,100,0,144,17,57,29,0,-30,-76,0,0,100,0,0,52,34,13,0,-38,-118,0,0,100,0,0,0,44,51,0,-39,-124,0,0,100,0,45,34,24,30,0,-3,-40,0,0,100,0,36,69,13,25,0,-29,-63,0,0,100,0,146,146,26,25,0,-22,-69,0,0,100,0,0,65,34,41,0,1,-87,0,0,100,0,303,64,61,37,0,-53,-65,0,0,100,0,382,593,27,23,0,-49,-52,0,0,100,0,415,596,21,18,0,-35,-55,0,0,100,0,466,594,20,17,0,-27,-44,0,0,100,0,153,181,52,50,0,-80,-36,0,0,100,0,599,0,63,44,0,15,-39,0,0,100,0,148,934,23,37,0,2,-89,0,0,100,0,0,417,85,93,0,-95,-121,0,0,100,0,250,604,66,52,0,-68,-137,0,0,100,0,9,527,142,62,0,-68,-137,0,1,100,0,9,527,142,62,0,-80,-6,0,0,100,0,141,0,61,14,0,-30,-6,0,0,100,0,141,0,61,14,0,
0,32,-148,-34,0,0,100,0,809,194,73,45,0,-201,-12,0,0,100,0,107,230,49,18,0,-209,-6,0,0,100,0,892,225,55,13,0,-143,-49,0,0,100,0,433,49,42,48,0,-208,-42,0,0,100,0,251,3,46,45,0,9,-69,0,0,100,0,264,73,36,20,0,-6,-70,0,0,100,0,56,68,19,18,0,-2,-183,0,0,100,0,979,418,40,158,0,5,-93,0,0,100,0,172,142,24,39,0,-12,-70,0,0,100,0,4,111,29,50,0,-51,-120,0,1,100,0,525,47,73,43,0,7,-58,0,0,100,0,344,0,44,33,0,-20,-118,0,0,100,0,70,36,33,22,0,-38,-90,0,1,100,0,145,47,57,31,0,-30,-76,0,0,100,0,0,52,34,13,0,-38,-117,0,0,100,0,0,0,44,51,0,-39,-124,0,0,100,0,45,34,24,30,0,-3,-40,0,0,100,0,36,69,13,25,0,-29,-62,0,0,100,0,146,146,26,25,0,-22,-69,0,0,100,0,0,65,34,41,0,1,-87,0,0,100,0,365,64,62,37,0,-53,-64,0,0,100,0,382,593,27,23,0,-49,-51,0,0,100,0,415,596,21,18,0,-35,-54,0,0,100,0,466,594,20,17,0,-27,-44,0,0,100,0,153,181,52,50,0,18,-39,1,0,100,0,148,934,23,37,0,-79,-34,0,0,100,0,662,2,62,41,0,3,-92,0,0,100,0,86,414,83,94,0,-93,-125,0,0,100,0,265,662,65,56,0,-70,-142,0,0,100,0,154,524,145,66,0,-80,-6,0,0,100,0,141,0,61,14,0,-30,-6,0,0,100,0,141,0,61,14,0,
0,32,-137,-47,0,0,100,0,816,137,61,57,0,-234,-80,0,1,100,0,609,161,81,85,0,-194,-65,0,0,100,0,432,100,37,68,0,-156,-49,0,0,100,0,203,2,48,48,0,-201,-12,0,0,100,0,107,230,49,18,0,-6,-69,0,0,100,0,56,68,19,18,0,10,-68,0,0,100,0,265,92,34,17,0,-12,-70,0,0,100,0,4,111,29,50,0,-2,-183,0,0,100,0,979,418,40,158,0,5,-93,0,0,100,0,172,142,24,39,0,-53,-116,0,1,100,0,523,96,67,38,0,3,-57,0,0,100,0,386,0,46,34,0,-20,-118,0,0,100,0,70,36,33,22,0,-41,-93,0,1,100,0,142,79,57,32,0,-30,-76,0,0,100,0,0,52,34,13,0,-38,-116,0,0,100,0,0,0,44,51,0,-39,-124,0,0,100,0,45,34,24,30,0,-3,-40,0,0,100,0,36,69,13,25,0,-29,-61,0,0,100,0,146,146,26,25,0,-22,-69,0,0,100,0,0,65,34,41,0,1,-87,0,0,100,0,302,100,62,34,0,-53,-63,0,0,100,0,382,593,27,23,0,-49,-50,0,0,100,0,415,596,21,18,0,-35,-55,0,0,100,0,466,594,20,17,0,-27,-44,0,0,100,0,153,181,52,50,0,16,-41,0,0,100,0,126,933,24,37,0,-79,-41,0,0,100,0,599,49,61,49,0,2,-89,0,0,100,0,170,417,85,94,0,-93,-129,0,0,100,0,316,598,65,61,0,-68,-139,0,0,100,0,301,523,140,63,0,-80,-6,0,0,100,0,141,0,61,14,0,-30,-6,0,0,100,0,141,0,61,14,0,
0,35,-140,-42,0,0,100,0,879,143,63,52,0,-233,-79,0,1,100,0,612,250,77,60,0,-193,-66,0,0,100,0,470,99,39,69,0,-234,-80,0,1,100,0,609,161,81,85,0,-194,-65,0,0,100,0,432,100,37,68,0,-156,-49,0,0,100,0,203,2,48,48,0,-201,-12,0,0,100,0,107,230,49,18,0,-158,-12,0,0,100,0,892,225,55,13,0,-6,-68,0,0,100,0,56,68,19,18,0,6,-67,0,0,100,0,264,110,35,16,0,-12,-70,0,0,100,0,4,111,29,50,0,-2,-183,0,0,100,0,979,418,40,158,0,5,-93,0,0,100,0,172,142,24,39,0,-56,-119,0,1,100,0,520,139,70,40,0,6,-56,0,0,100,0,298,34,45,31,0,-20,-118,0,0,100,0,70,36,33,22,0,-42,-89,0,1,100,0,142,111,66,30,0,-30,-75,0,0,100,0,0,52,34,13,0,-38,-116,0,0,100,0,0,0,44,51,0,-39,-123,0,0,100,0,45,34,24,30,0,-3,-40,0,0,100,0,36,69,13,25,0,-29,-60,0,0,100,0,146,146,26,25,0,-22,-68,0,0,100,0,0,65,34,41,0,0,-89,0,0,100,0,367,99,64,35,0,-53,-63,0,0,100,0,382,593,27,23,0,-49,-51,0,0,100,0,415,596,21,18,0,-35,-56,0,0,100,0,466,594,20,17,0,-27,-44,0,0,100,0,153,181,52,50,0,15,-40,0,0,100,0,101,935,23,38,0,0,-89,0,0,100,0,254,417,88,92,0,-82,-43,0,0,100,0,663,47,66,53,0,-94,-125,0,0,100,0,332,657,66,62,0,-68,-138,0,0,100,0,448,522,138,64,0,-80,-6,0,0,100,0,141,0,61,14,0,-30,-6,0,0,100,0,141,0,61,14,0,
0,32,-194,-65,0,0,100,0,432,100,37,68,0,-138,-40,0,0,100,0,943,142,64,51,0,-158,-12,0,0,100,0,892,225,55,13,0,-156,-50,0,0,100,0,251,3,46,45,0,-201,-12,0,0,100,0,107,230,49,18,0,-6,-69,0,0,100,0,56,68,19,18,0,-12,-71,0,0,100,0,4,111,29,50,0,9,-68,0,0,100,0,264,127,37,18,0,-2,-183,0,0,100,0,979,418,40,158,0,5,-93,0,0,100,0,172,142,24,39,0,-55,-121,0,1,100,0,521,180,69,47,0,6,-56,0,0,100,0,342,34,44,30,0,-20,-117,0,0,100,0,70,36,33,22,0,-40,-92,0,1,100,0,203,49,62,35,0,-30,-75,0,0,100,0,0,52,34,13,0,-38,-116,0,0,100,0,0,0,44,51,0,-39,-122,0,0,100,0,45,34,24,30,0,-3,-40,0,0,100,0,36,69,13,25,0,-29,-61,0,0,100,0,146,146,26,25,0,-22,-69,0,0,100,0,0,65,34,41,0,-3,-89,0,0,100,0,304,136,63,35,0,-53,-64,0,0,100,0,382,593,27,23,0,-49,-51,0,0,100,0,415,596,21,18,0,-35,-56,0,0,100,0,466,594,20,17,0,-27,-44,0,0,100,0,153,181,52,50,0,13,-39,0,0,100,0,148,934,23,37,0,-83,-43,0,0,100,0,591,100,66,53,0,2,-93,0,0,100,0,341,413,85,98,0,-95,-123,0,0,100,0,397,618,66,56,0,-74,-139,0,0,100,0,586,520,148,65,0,-80,-6,0,0,100,0,141,0,61,14,0,-30,-6,0,0,100,0,141,0,61,14,0,
0,33,-194,-65,0,0,100,0,432,100,37,68,0,-138,-5,0,0,70,0,889,203,61,15,0,-121,-41,0,0,100,0,433,0,41,49,0,-185,-83,0,1,100,0,609,161,81,85,0,-145,-68,0,0,100,0,432,100,37,68,0,-201,-12,0,0,100,0,107,230,49,18,0,-6,-70,0,0,100,0,56,68,19,18,0,11,-70,0,0,100,0,265,144,34,19,0,-2,-183,0,0,100,0,979,418,40,158,0,5,-93,0,0,100,0,172,142,24,39,0,-12,-71,0,0,100,0,4,111,29,50,0,-57,-120,0,1,100,0,519,228,75,41,0,4,-58,0,0,100,0,388,34,43,30,0,-20,-116,0,0,100,0,70,36,33,22,0,-40,-86,0,1,100,0,207,83,57,29,0,-30,-77,0,0,100,0,0,52,34,13,0,-38,-117,0,0,100,0,0,0,44,51,0,-39,-122,0,0,100,0,45,34,24,30,0,-3,-40,0,0,100,0,36,69,13,25,0,-29,-62,0,0,100,0,146,146,26,25,0,-22,-69,0,0,100,0,0,65,34,41,0,0,-89,0,0,100,0,367,137,60,33,0,-53,-66,0,0,100,0,382,593,27,23,0,-49,-53,0,0,100,0,415,596,21,18,0,-35,-56,0,0,100,0,466,594,20,17,0,-27,-44,0,0,100,0,153,181,52,50,0,14,-39,0,0,100,0,148,934,23,37,0,-80,-37,0,0,100,0,657,104,63,47,0,2,-92,0,0,100,0,426,414,85,97,0,-95,-123,0,0,100,0,464,616,66,61,0,-71,-140,0,0,100,0,734,519,143,67,0,-80,-6,0,0,100,0,141,0,61,14,0,-30,-6,0,0,100,0,141,0,61,14,0,
0,31,-208,-43,0,0,100,0,203,2,48,48,0,-121,-41,0,0,100,0,433,0,41,49,0,-201,-12,0,0,100,0,107,230,49,18,0,-6,-70,0,0,100,0,56,68,19,18,0,9,-69,0,0,100,0,265,56,36,16,0,-12,-71,0,0,100,0,4,111,29,50,0,-58,-124,0,1,100,0,517,0,79,45,0,-2,-183,0,0,100,0,979,418,40,158,0,5,-93,0,0,100,0,172,142,24,39,0,6,-59,0,0,100,0,298,0,45,34,0,-20,-118,0,0,100,0,70,36,33,22,0,-38,-89,0,1,100,0,144,17,57,29,0,-30,-76,0,0,100,0,0,52,34,13,0,-38,-118,0,0,100,0,0,0,44,51,0,-39,-124,0,0,100,0,45,34,24,30,0,-3,-40,0,0,100,0,36,69,13,25,0,-29,-63,0,0,100,0,146,146,26,25,0,-22,-69,0,0,100,0,0,65,34,41,0,1,-87,0,0,100,0,303,64,61,37,0,-53,-65,0,0,100,0,382,593,27,23,0,-49,-52,0,0,100,0,415,596,21,18,0,-35,-55,0,0,100,0,466,594,20,17,0,-27,-44,0,0,100,0,153,181,52,50,0,-80,-36,0,0,100,0,599,0,63,44,0,15,-39,0,0,100,0,148,934,23,37,0,2,-89,0,0,100,0,0,417,85,93,0,-95,-121,0,0,100,0,250,604,66,52,0,-68,-137,0,0,100,0,9,527,142,62,0,-68,-137,0,1,100,0,9,527,142,62,0,-80,-6,0,0,100,0,141,0,61,14,0,-30,-6,0,0,100,0,141,0,61,14,0,
0,30,-195,-46,0,0,100,0,433,0,41,49,0,-209,-6,0,0,100,0,892,225,55,13,0,-125,-2,0,0,100,0,892,225,55,13,0,9,-69,0,0,100,0,264,73,36,20,0,-6,-70,0,0,100,0,56,68,19,18,0,-2,-183,0,0,100,0,979,418,40,158,0,5,-93,0,0,100,0,172,142,24,39,0,-12,-70,0,0,100,0,4,111,29,50,0,-51,-120,0,1,100,0,525,47,73,43,0,7,-58,0,0,100,0,344,0,44,33,0,-20,-118,0,0,100,0,70,36,33,22,0,-38,-90,0,1,100,0,145,47,57,31,0,-30,-76,0,0,100,0,0,52,34,13,0,-38,-117,0,0,100,0,0,0,44,51,0,-39,-124,0,0,100,0,45,34,24,30,0,-3,-40,0,0,100,0,36,69,13,25,0,-29,-62,0,0,100,0,146,146,26,25,0,-22,-69,0,0,100,0,0,65,34,41,0,1,-87,0,0,100,0,365,64,62,37,0,-53,-64,0,0,100,0,382,593,27,23,0,-49,-51,0,0,100,0,415,596,21,18,0,-35,-54,0,0,100,0,466,594,20,17,0,-27,-44,0,0,100,0,153,181,52,50,0,18,-39,1,0,100,0,148,934,23,37,0,-79,-34,0,0,100,0,662,2,62,41,0,3,-92,0,0,100,0,86,414,83,94,0,-93,-125,0,0,100,0,265,662,65,56,0,-70,-142,0,0,100,0,154,524,145,66,0,-80,-6,0,0,100,0,141,0,61,14,0,-30,-6,0,0,100,0,141,0,61,14,0,
0,29,-195,-46,0,0,100,0,433,0,41,49,0,-201,-12,0,0,100,0,107,230,49,18,0,-6,-69,0,0,100,0,56,68,19,18,0,10,-68,0,0,100,0,265,92,34,17,0,-12,-70,0,0,100,0,4,111,29,50,0,-2,-183,0,0,100,0,979,418,40,158,0,5,-93,0,0,100,0,172,142,24,39,0,-53,-116,0,1,100,0,523,96,67,38,0,3,-57,0,0,100,0,386,0,46,34,0,-20,-118,0,0,100,0,70,36,33,22,0,-41,-93,0,1,100,0,142,79,57,32,0,-30,-76,0,0,100,0,0,52,34,13,0,-38,-116,0,0,100,0,0,0,44,51,0,-39,-124,0,0,100,0,45,34,24,30,0,-3,-40,0,0,100,0,36,69,13,25,0,-29,-61,0,0,100,0,146,146,26,25,0,-22,-69,0,0,100,0,0,65,34,41,0,1,-87,0,0,100,0,302,100,62,34,0,-53,-63,0,0,100,0,382,593,27,23,0,-49,-50,0,0,100,0,415,596,21,18,0,-35,-55,0,0,100,0,466,594,20,17,0,-27,-44,0,0,100,0,153,181,52,50,0,16,-41,0,0,100,0,126,933,24,37,0,-79,-41,0,0,100,0,599,49,61,49,0,2,-89,0,0,100,0,170,417,85,94,0,-93,-129,0,0,100,0,316,598,65,61,0,-68,-139,0,0,100,0,301,523,140,63,0,-80,-6,0,0,100,0,141,0,61,14,0,-30,-6,0,0,100,0,141,0,61,14,0,
0,27,-6,-68,0,0,100,0,56,68,19,18,0,6,-67,0,0,100,0,264,110,35,16,0,-12,-70,0,0,100,0,4,111,29,50,0,-2,-183,0,0,100,0,979,418,40,158,0,5,-93,0,0,100,0,172,142,24,39,0,-56,-119,0,1,100,0,520,139,70,40,0,6,-56,0,0,100,0,298,34,45,31,0,-20,-118,0,0,100,0,70,36,33,22,0,-42,-89,0,1,100,0,142,111,66,30,0,-30,-75,0,0,100,0,0,52,34,13,0,-38,-116,0,0,100,0,0,0,44,51,0,-39,-123,0,0,100,0,45,34,24,30,0,-3,-40,0,0,100,0,36,69,13,25,0,-29,-60,0,0,100,0,146,146,26,25,0,-22,-68,0,0,100,0,0,65,34,41,0,0,-89,0,0,100,0,367,99,64,35,0,-53,-63,0,0,100,0,382,593,27,23,0,-49,-51,0,0,100,0,415,596,21,18,0,-35,-56,0,0,100,0,466,594,20,17,0,-27,-44,0,0,100,0,153,181,52,50,0,15,-40,0,0,100,0,101,935,23,38,0,0,-89,0,0,100,0,254,417,88,92,0,-82,-43,0,0,100,0,663,47,66,53,0,-94,-125,0,0,100,0,332,657,66,62,0,-68,-138,0,0,100,0,448,522,138,64,0,-80,-6,0,0,100,0,141,0,61,14,0,-30,-6,0,0,100,0,141,0,61,14,0,
0,29,-195,-46,0,0,100,0,433,0,41,49,0,-201,-12,0,0,100,0,107,230,49,18,0,-6,-69,0,0,100,0,56,68,19,18,0,-12,-71,0,0,100,0,4,111,29,50,0,9,-68,0,0,100,0,264,127,37,18,0,-2,-183,0,0,100,0,979,418,40,158,0,5,-93,0,0,100,0,172,142,24,39,0,-55,-121,0,1,100,0,521,180,69,47,0,6,-56,0,0,100,0,342,34,44,30,0,-20,-117,0,0,100,0,70,36,33,22,0,-40,-92,0,1,100,0,203,49,62,35,0,-30,-75,0,0,100,0,0,52,34,13,0,-38,-116,0,0,100,0,0,0,44,51,0,-39,-122,0,0,100,0,45,34,24,30,0,-3,-40,0,0,100,0,36,69,13,25,0,-29,-61,0,0,100,0,146,146,26,25,0,-22,-69,0,0,100,0,0,65,34,41,0,-3,-89,0,0,100,0,304,136,63,35,0,-53,-64,0,0,100,0,382,593,27,23,0,-49,-51,0,0,100,0,415,596,21,18,0,-35,-56,0,0,100,0,466,594,20,17,0,-27,-44,0,0,100,0,153,181,52,50,0,13,-39,0,0,100,0,148,934,23,37,0,-83,-43,0,0,100,0,591,100,66,53,0,2,-93,0,0,100,0,341,413,85,98,0,-95,-123,0,0,100,0,397,618,66,56,0,-74,-139,0,0,100,0,586,520,148,65,0,-80,-6,0,0,100,0,141,0,61,14,0,-30,-6,0,0,100,0,141,0,61,14,0,
0,28,-195,-46,0,0,100,0,433,0,41,49,0,-6,-70,0,0,100,0,56,68,19,18,0,11,-70,0,0,100,0,265,144,34,19,0,-2,-183,0,0,100,0,979,418,40,158,0,5,-93,0,0,100,0,172,142,24,39,0,-12,-71,0,0,100,0,4,111,29,50,0,-57,-120,0,1,100,0,519,228,75,41,0,4,-58,0,0,100,0,388,34,43,30,0,-20,-116,0,0,100,0,70,36,33,22,0,-40,-86,0,1,100,0,207,83,57,29,0,-30,-77,0,0,100,0,0,52,34,13,0,-38,-117,0,0,100,0,0,0,44,51,0,-39,-122,0,0,100,0,45,34,24,30,0,-3,-40,0,0,100,0,36,69,13,25,0,-29,-62,0,0,100,0,146,146,26,25,0,-22,-69,0,0,100,0,0,65,34,41,0,0,-89,0,0,100,0,367,137,60,33,0,-53,-66,0,0,100,0,382,593,27,23,0,-49,-53,0,0,100,0,415,596,21,18,0,-35,-56,0,0,100,0,466,594,20,17,0,-27,-44,0,0,100,0,153,181,52,50,0,14,-39,0,0,100,0,148,934,23,37,0,-80,-37,0,0,100,0,657,104,63,47,0,2,-92,0,0,100,0,426,414,85,97,0,-95,-123,0,0,100,0,464,616,66,61,0,-71,-140,0,0,100,0,734,519,143,67,0,-80,-6,0,0,100,0,141,0,61,14,0,-30,-6,0,0,100,0,141,0,61,14,0,
0,33,-208,-43,0,0,100,0,203,2,48,48,0,-134,-39,0,0,100,0,203,2,48,48,0,7,-59,0,0,100,0,251,121,13,16,0,-185,-81,0,1,100,0,612,250,77,60,0,-145,-68,0,0,100,0,470,99,39,69,0,-6,-132,0,0,100,0,103,0,40,140,0,-128,-9,0,0,100,0,107,230,49,18,0,-201,-12,0,0,100,0,107,230,49,18,0,-154,-18,0,0,100,0,107,230,49,18,0,-6,-70,0,0,100,0,56,68,19,18,0,-12,-71,0,0,100,0,4,111,29,50,0,-72,-116,0,1,100,0,517,0,79,45,0,9,-69,0,0,100,0,265,56,36,16,0,6,-59,0,0,100,0,298,0,45,34,0,-20,-118,0,0,100,0,70,36,33,22,0,-52,-81,0,1,100,0,144,17,57,29,0,-44,-68,0,0,100,0,0,52,34,13,0,-52,-110,0,0,100,0,0,0,44,51,0,-39,-124,0,0,100,0,45,34,24,30,0,-3,-40,0,0,100,0,36,69,13,25,0,-31,-61,0,0,100,0,146,146,26,25,0,-24,-69,0,0,100,0,0,65,34,41,0,1,-87,0,0,100,0,303,64,61,37,0,-51,-57,0,0,100,90,74,1,34,27,0,-37,-50,0,0,100,0,466,594,20,17,0,-30,-42,0,0,100,0,205,181,55,46,0,-80,-36,0,0,100,0,599,0,63,44,0,15,-39,0,0,100,0,148,934,23,37,0,2,-89,0,0,100,0,0,417,85,93,0,-95,-121,0,0,100,0,250,604,66,52,0,-68,-137,0,0,100,0,9,527,142,62,0,-80,-6,0,0,100,0,141,0,61,14,0,-30,-6,0,0,100,0,141,0,61,14,0,
0,37,-134,-38,0,0,100,0,251,3,46,45,0,-145,-68,0,0,100,0,470,99,39,69,0,-195,-46,0,0,100,0,433,0,41,49,0,-154,-18,0,0,100,0,107,230,49,18,0,-128,-9,0,0,100,0,107,230,49,18,0,-201,-12,0,0,100,0,107,230,49,18,0,13,-66,0,0,100,0,251,121,13,16,0,0,-139,0,0,100,0,103,0,40,140,0,-1,-74,0,0,100,0,56,68,19,18,0,-7,-74,0,0,100,0,4,111,29,50,0,-45,-128,0,1,100,0,525,47,73,43,0,14,-73,0,0,100,0,264,73,36,20,0,-41,-122,2,0,100,180,70,36,33,22,0,-35,-95,0,1,100,0,145,47,57,31,0,-24,-83,0,0,100,0,0,52,34,13,0,-33,-124,0,0,100,0,0,0,44,51,0,-40,-70,0,1,60,0,0,52,34,13,0,-37,-121,0,1,60,0,0,0,44,51,0,-48,-109,0,0,60,0,0,0,44,51,0,-46,-108,0,0,100,0,45,34,24,30,0,2,-44,0,0,100,0,36,69,13,25,0,-24,-69,0,0,100,0,146,146,26,25,0,-17,-76,0,0,100,0,0,65,34,41,0,-7,-96,0,0,100,0,365,64,62,37,0,10,-61,0,0,100,0,344,0,44,33,0,-52,-57,0,0,50,90,382,593,27,23,0,-47,-60,0,0,100,90,382,593,27,23,0,-35,-58,0,0,100,90,415,596,21,18,0,-28,-58,0,0,100,0,466,594,20,17,0,-23,-49,0,0,100,0,259,171,56,55,0,18,-39,1,0,100,0,148,934,23,37,0,-79,-34,0,0,100,0,662,2,62,41,0,3,-92,0,0,100,0,86,414,83,94,0,-92,-125,0,0,100,0,265,662,65,56,0,-70,-142,0,0,100,0,154,524,145,66,0,-80,-6,0,0,100,0,141,0,61,14,0,-29,-6,0,0,100,0,141,0,61,14,0,
0,38,-195,-46,0,0,100,0,433,0,41,49,0,16,-62,0,0,100,0,251,121,13,16,0,2,-72,0,0,100,0,56,68,19,18,0,-16,-69,0,0,100,0,214,113,38,26,0,-4,-73,0,0,100,0,4,111,29,50,0,-157,-75,0,1,100,0,609,161,81,85,0,-117,-60,0,0,100,0,432,100,37,68,0,-158,-49,0,0,100,0,203,2,48,48,0,-128,-9,0,0,100,0,107,230,49,18,0,-201,-12,0,0,100,0,107,230,49,18,0,3,-134,0,0,100,0,935,429,41,139,0,-42,-125,0,1,100,0,523,96,67,38,0,-154,-18,0,0,100,0,107,230,49,18,0,10,-68,0,0,100,0,265,92,34,17,0,11,-60,0,0,100,0,386,0,46,34,0,-13,-124,0,0,100,0,70,36,33,22,0,-30,-101,0,1,100,0,142,79,57,32,0,-21,-86,0,0,100,0,0,52,34,13,0,-29,-126,0,0,100,0,0,0,44,51,0,-36,-119,0,0,50,0,0,0,44,51,0,-34,-121,0,1,100,0,0,0,44,51,0,-40,-120,0,0,100,0,45,34,24,30,0,5,-43,0,0,100,0,36,69,13,25,0,-13,-76,0,0,100,0,0,65,34,41,0,1,-87,0,0,100,0,302,100,62,34,0,-44,-66,0,0,60,90,74,1,32,25,0,-41,-67,0,0,100,90,74,1,32,25,0,-21,-61,0,0,100,0,466,594,20,17,0,-11,-33,0,0,100,0,232,140,13,27,0,-21,-39,0,0,100,0,245,141,18,23,0,-24,-57,0,0,100,0,784,253,55,64,0,24,-44,0,0,100,0,126,933,24,37,0,-79,-41,0,0,100,0,599,49,61,49,0,2,-89,0,0,100,0,170,417,85,94,0,-91,-129,0,0,100,0,316,598,65,61,0,-68,-139,0,0,100,0,301,523,140,63,0,-80,-6,0,0,100,0,141,0,61,14,0,-24,-6,0,0,100,0,141,0,61,14,0,
0,39,-195,-46,0,0,100,0,433,0,41,49,0,27,-84,2,0,100,0,251,121,13,16,0,6,-74,0,0,100,0,56,68,19,18,0,-12,-69,0,0,100,0,214,113,38,26,0,0,-76,0,0,100,0,4,111,29,50,0,14,-171,0,0,100,0,979,419,44,151,0,-156,-74,0,1,100,0,612,250,77,60,0,-116,-61,0,0,100,0,470,99,39,69,0,-37,-126,0,1,100,0,520,139,70,40,0,-158,-49,0,0,100,0,203,2,48,48,0,-128,-9,0,0,100,0,107,230,49,18,0,-201,-12,0,0,100,0,107,230,49,18,0,-154,-18,0,0,100,0,107,230,49,18,0,21,-73,0,0,100,0,264,110,35,16,0,17,-60,0,0,100,0,298,34,45,31,0,-3,-126,0,0,100,0,70,36,33,22,0,-23,-96,0,1,100,0,142,111,66,30,0,-13,-83,0,0,100,0,0,52,34,13,0,-21,-124,0,0,100,0,0,0,44,51,0,-27,-119,0,0,60,0,0,0,44,51,0,-24,-124,0,0,100,0,45,34,24,30,0,9,-46,0,0,100,0,36,69,13,25,0,-10,-74,0,0,100,0,0,65,34,41,0,-2,-74,0,0,100,0,0,65,34,41,0,4,-95,0,0,100,0,367,99,64,35,0,-38,-72,0,1,50,0,382,593,27,23,0,-35,-73,0,0,100,0,382,593,27,23,0,-33,-60,0,0,100,0,415,596,21,18,0,-19,-63,0,0,100,0,466,594,20,17,0,-24,-46,0,0,100,0,245,141,18,23,0,-10,-40,0,0,100,0,232,140,13,27,0,-24,-57,0,0,100,0,784,253,55,64,0,15,-40,0,0,100,0,101,935,23,38,0,0,-89,0,0,100,0,254,417,88,92,0,-82,-43,0,0,100,0,663,47,66,53,0,-91,-125,0,0,100,0,332,657,66,62,0,-68,-138,0,0,100,0,448,522,138,64,0,-80,-6,0,0,100,0,141,0,61,14,0,-23,-6,0,0,100,0,141,0,61,14,0,
0,35,-195,-46,0,0,100,0,433,0,41,49,0,28,-86,0,0,100,0,251,121,13,16,0,6,-76,0,0,100,0,56,68,19,18,0,-13,-71,0,0,100,0,214,113,38,26,0,0,-78,0,0,100,0,4,111,29,50,0,15,-191,0,0,100,0,979,419,44,151,0,-42,-130,0,1,100,0,521,180,69,47,0,-116,-61,0,0,100,0,470,99,39,69,0,-145,-52,0,0,100,0,433,0,41,49,0,-128,-9,0,0,100,0,107,230,49,18,0,-201,-12,0,0,100,0,107,230,49,18,0,-154,-18,0,0,100,0,107,230,49,18,0,20,-75,0,0,100,0,264,127,37,18,0,17,-61,0,0,100,0,342,34,44,30,0,-7,-126,0,0,100,0,70,36,33,22,0,-23,-101,0,1,100,0,203,49,62,35,0,-17,-84,0,0,100,0,0,52,34,13,0,-25,-125,0,0,100,0,0,0,44,51,0,-18,-132,0,0,100,0,45,34,24,30,0,8,-47,0,0,100,0,36,69,13,25,0,-11,-76,0,0,100,0,0,65,34,41,0,6,-97,0,0,100,0,304,136,63,35,0,-37,-77,0,0,50,0,382,593,27,23,0,-42,-71,0,0,100,0,74,1,32,25,0,-18,-64,0,0,100,0,466,594,20,17,0,-10,-46,0,0,100,0,214,140,17,29,0,-23,-48,0,0,100,0,245,141,18,23,0,-24,-57,0,0,100,0,784,253,55,64,0,13,-39,0,0,100,0,148,934,23,37,0,-83,-43,0,0,100,0,591,100,66,53,0,2,-93,0,0,100,0,341,413,85,98,0,-93,-125,0,0,100,0,397,618,66,56,0,-74,-139,0,0,100,0,586,520,148,65,0,-80,-6,0,0,100,0,141,0,61,14,0,-23,-6,0,0,100,0,141,0,61,14,0,
0,35,-195,-46,0,0,100,0,433,0,41,49,0,21,-107,1,0,100,0,255,125,9,12,0,4,-190,0,0,100,0,935,429,41,139,0,5,-77,0,0,100,0,56,68,19,18,0,-13,-71,0,0,100,0,214,113,38,26,0,-1,-78,0,0,100,0,4,111,29,50,0,-117,-60,0,0,100,0,432,100,37,68,0,-44,-128,0,1,100,0,519,228,75,41,0,-145,-52,0,0,100,0,433,0,41,49,0,-128,-9,0,0,100,0,107,230,49,18,0,-201,-12,0,0,100,0,107,230,49,18,0,-154,-18,0,0,100,0,107,230,49,18,0,22,-77,0,0,100,0,265,144,34,19,0,15,-62,0,0,100,0,388,34,43,30,0,-9,-123,0,0,100,0,70,36,33,22,0,-29,-93,0,1,100,0,207,83,57,29,0,-19,-84,0,0,100,0,0,52,34,13,0,-27,-124,0,0,100,0,0,0,44,51,0,-28,-128,0,0,100,0,45,34,24,30,0,8,-47,0,0,100,0,36,69,13,25,0,13,-109,0,0,100,0,172,143,21,39,0,-11,-76,0,0,100,0,0,65,34,41,0,10,-97,0,0,100,0,367,137,60,33,0,-38,-71,0,0,100,0,74,1,32,25,0,-19,-64,0,0,100,0,466,594,20,17,0,-9,-42,0,0,100,0,232,140,13,27,0,-24,-57,0,0,100,0,784,253,55,64,0,-24,-42,0,0,100,0,245,141,18,23,0,25,-46,0,0,100,0,148,934,23,37,0,-80,-37,0,0,100,0,657,104,63,47,0,2,-92,0,0,100,0,426,414,85,97,0,-95,-124,0,0,100,0,464,616,66,61,0,-71,-140,0,0,100,0,734,519,143,67,0,-80,-6,0,0,100,0,141,0,61,14,0,-23,-6,0,0,100,0,141,0,61,14,0,
0,36,-134,-39,0,0,100,0,203,2,48,48,0,-195,-46,0,0,100,0,433,0,41,49,0,22,-108,0,0,100,0,255,124,9,13,0,4,-191,0,0,100,0,935,429,41,139,0,-48,-131,0,1,100,0,517,0,79,45,0,-145,-52,0,0,100,0,433,0,41,49,0,-128,-9,0,0,100,0,107,230,49,18,0,-201,-12,0,0,100,0,107,230,49,18,0,-154,-18,0,0,100,0,107,230,49,18,0,5,-77,0,0,100,0,56,68,19,18,0,-13,-71,0,0,100,0,214,113,38,26,0,-1,-78,0,0,100,0,4,111,29,50,0,-9,-123,0,0,100,0,70,36,33,22,0,-19,-84,0,0,100,0,0,52,34,13,0,-27,-124,0,0,100,0,0,0,44,51,0,-28,-96,0,1,100,0,144,17,57,29,0,-28,-129,0,0,100,0,45,34,24,30,0,8,-47,0,0,100,0,36,69,13,25,0,13,-109,0,0,100,0,172,143,21,39,0,-11,-76,0,0,100,0,0,65,34,41,0,-40,-71,0,0,100,0,74,1,32,25,0,-18,-64,0,0,100,0,466,594,20,17,0,-9,-44,0,0,100,0,232,140,13,27,0,-24,-57,0,0,100,0,784,253,55,64,0,-24,-44,0,0,100,0,245,141,18,23,0,25,-46,0,0,100,0,148,934,23,37,0,20,-74,0,0,100,0,265,56,36,16,0,14,-62,0,0,100,0,298,0,45,34,0,9,-94,0,0,100,0,303,65,61,35,0,-80,-36,0,0,100,0,599,0,63,44,0,15,-39,0,0,100,0,148,934,23,37,0,2,-89,0,0,100,0,0,417,85,93,0,-95,-121,0,0,100,0,250,604,66,52,0,-68,-137,0,0,100,0,9,527,142,62,0,-80,-6,0,0,100,0,141,0,61,14,0,-23,-6,0,0,100,0,141,0,61,14,0,
0,36,-39,-128,0,1,100,0,525,47,73,43,0,10,-123,0,0,100,0,255,124,9,13,0,-76,-150,0,0,100,90,64,166,47,148,0,-195,-46,0,0,100,0,433,0,41,49,0,-134,-38,0,0,100,0,251,3,46,45,0,-145,-52,0,0,100,0,433,0,41,49,0,-128,-9,0,0,100,0,107,230,49,18,0,-201,-12,0,0,100,0,107,230,49,18,0,-154,-18,0,0,100,0,107,230,49,18,0,-8,-86,0,0,100,0,56,68,19,18,0,-26,-80,0,0,100,0,214,113,38,26,0,-14,-87,0,0,100,0,4,111,29,50,0,-22,-132,0,0,100,0,70,36,33,22,0,-32,-93,0,0,100,0,0,52,34,13,0,-40,-133,0,0,100,0,0,0,44,51,0,-41,-138,0,0,100,0,45,34,24,30,0,-5,-56,0,0,100,0,36,69,13,25,0,-24,-85,0,0,100,0,0,65,34,41,0,0,-124,0,0,100,0,172,143,21,39,0,-56,-74,0,0,100,0,74,1,32,25,0,-1,-80,0,0,100,0,344,0,44,33,0,-20,-47,0,0,100,0,233,139,12,29,0,-32,-47,0,0,100,0,233,139,12,29,0,-36,-74,0,0,100,0,435,170,66,37,0,27,-71,0,0,100,0,148,934,23,37,0,1,-89,0,0,100,0,264,73,36,20,0,-16,-99,0,1,100,0,145,47,57,31,0,-7,-100,0,0,100,0,365,64,62,37,0,-79,-34,0,0,100,0,662,2,62,41,0,-4,-92,0,0,100,0,86,414,83,94,0,3,-92,0,1,100,0,86,414,83,94,0,-93,-125,0,0,100,0,265,662,65,56,0,-77,-142,0,0,100,0,154,524,145,66,0,-70,-142,0,1,100,0,154,524,145,66,0,-80,-6,0,0,100,0,141,0,61,14,0,-23,-6,0,0,100,0,141,0,61,14,0,
0,35,-89,-115,0,1,100,0,523,96,67,38,0,-30,-88,0,0,100,-90,251,121,13,16,0,-58,-113,0,0,100,0,70,36,33,22,0,-152,-151,0,0,100,0,895,691,129,111,0,-133,-96,0,0,100,90,0,170,59,144,0,-124,-41,0,0,100,0,433,0,41,49,0,-195,-46,0,0,100,0,433,0,41,49,0,-145,-52,0,0,100,0,433,0,41,49,0,-68,-74,0,0,100,0,0,52,34,13,0,-76,-114,0,0,100,0,0,0,44,51,0,-77,-119,0,0,100,0,45,34,24,30,0,-128,-9,0,0,100,0,107,230,49,18,0,-201,-12,0,0,100,0,107,230,49,18,0,-154,-18,0,0,100,0,107,230,49,18,0,-35,-71,0,0,100,0,56,68,19,18,0,-53,-65,0,0,100,0,214,113,38,26,0,-41,-72,0,0,100,0,4,111,29,50,0,-32,-41,0,0,100,0,36,69,13,25,0,-75,-92,0,1,100,0,142,79,57,32,0,-51,-70,0,0,100,0,0,65,34,41,0,-75,-57,0,0,100,0,74,1,32,25,0,-25,-76,0,0,100,0,265,92,34,17,0,-42,-88,0,0,100,0,302,100,62,34,0,-29,-63,0,0,100,0,386,0,46,34,0,-55,-55,0,0,100,0,435,170,66,63,0,7,-60,0,0,100,0,148,934,23,37,0,-79,-41,0,2,20,0,599,49,61,49,0,-79,-41,0,0,100,0,599,49,61,49,0,-20,-89,0,0,100,0,170,417,85,94,0,2,-89,0,1,100,0,170,417,85,94,0,-93,-129,0,0,100,0,316,598,65,61,0,-90,-139,0,0,100,0,301,523,140,63,0,-68,-139,0,1,100,0,301,523,140,63,0,-80,-6,0,0,100,0,141,0,61,14,0,-23,-6,0,0,100,0,141,0,61,14,0,
0,38,-124,-41,0,0,100,0,433,0,41,49,0,-111,-90,0,1,100,0,520,139,70,40,0,-183,-58,0,1,100,90,0,170,59,144,0,-183,-58,0,0,100,90,0,170,59,144,0,-185,-125,0,0,40,0,895,691,129,111,0,-192,-76,0,0,100,0,882,429,41,80,0,-128,-9,0,0,100,0,107,230,49,18,0,-201,-12,0,0,100,0,107,230,49,18,0,-154,-18,0,0,100,0,107,230,49,18,0,-30,-79,0,0,100,0,56,68,19,18,0,-36,-80,0,0,100,0,4,111,29,50,0,-75,-86,0,0,100,0,70,36,33,22,0,-85,-47,0,0,100,0,0,52,34,13,0,-93,-87,0,0,100,0,0,0,44,51,0,-76,-91,0,0,100,0,45,34,24,30,0,-22,-77,0,0,100,0,264,110,35,16,0,-77,-89,0,1,100,0,142,111,66,30,0,-27,-49,0,0,100,0,36,69,13,25,0,-70,-73,0,0,100,0,50,111,56,49,0,-18,-62,0,0,100,0,298,34,45,31,0,-45,-92,0,0,100,0,367,99,64,35,0,-156,-118,0,1,100,0,682,322,163,94,0,-96,-140,0,1,100,0,682,322,163,94,0,-78,-51,0,0,100,0,45,0,27,29,0,-55,-55,0,0,100,0,435,170,66,63,0,-20,-42,0,0,100,0,101,935,23,38,0,-195,-46,0,0,100,0,433,0,41,49,0,-145,-52,0,0,100,0,433,0,41,49,0,-27,-89,0,0,100,0,254,417,88,92,0,-23,-89,0,1,100,0,254,417,88,92,0,-82,-43,0,0,100,0,663,47,66,53,0,-94,-125,0,0,100,0,332,657,66,62,0,-95,-138,0,0,100,0,448,522,138,64,0,-2,-89,0,1,80,0,170,417,85,94,0,-72,-139,0,1,80,0,301,523,140,63,0,-91,-138,0,1,100,0,448,522,138,64,0,-80,-6,0,0,100,0,141,0,61,14,0,-23,-6,0,0,100,0,141,0,61,14,0,
0,29,-124,-41,0,0,100,0,433,0,41,49,0,-205,-93,0,0,100,0,682,322,163,94,0,-183,-58,0,0,100,90,0,170,59,144,0,-128,-9,0,0,100,0,107,230,49,18,0,-201,-12,0,0,100,0,107,230,49,18,0,-154,-18,0,0,100,0,107,230,49,18,0,-30,-79,0,0,100,0,56,68,19,18,0,-36,-80,0,0,100,0,4,111,29,50,0,-113,-93,0,1,100,0,521,180,69,47,0,-115,-73,1,0,100,0,70,36,33,22,0,-16,-81,0,0,100,0,264,127,37,18,0,-23,-70,0,0,100,0,342,34,44,30,0,-111,-80,0,0,100,0,80,792,40,21,0,-91,-48,0,0,100,0,0,52,34,13,0,-99,-71,0,0,100,0,1,786,47,36,0,-84,-80,0,1,100,0,203,49,62,35,0,-118,-65,0,0,100,90,45,34,24,30,0,-64,-90,0,0,100,0,304,136,63,35,0,-27,-49,0,0,100,0,36,69,13,25,0,-69,-71,0,0,100,0,50,111,56,49,0,-78,-51,0,0,100,0,45,0,27,29,0,-55,-55,0,0,100,0,435,170,66,63,0,0,-54,0,0,100,0,101,935,23,38,0,-83,-43,0,0,100,0,591,100,66,53,0,-23,-93,0,0,100,0,341,413,85,98,0,-95,-123,0,0,100,0,397,618,66,56,0,-99,-139,0,0,100,0,586,520,148,65,0,-80,-6,0,0,100,0,141,0,61,14,0,-23,-6,0,0,100,0,141,0,61,14,0,
0,31,-124,-41,0,0,100,0,433,0,41,49,0,-96,-104,0,1,100,0,519,228,75,41,0,-183,-58,0,0,100,90,0,170,59,144,0,-221,-83,0,0,100,0,515,337,165,90,0,-128,-9,0,0,100,0,107,230,49,18,0,-201,-12,0,0,100,0,107,230,49,18,0,-154,-18,0,0,100,0,107,230,49,18,0,-29,-76,0,0,100,0,56,68,19,18,0,-35,-77,0,0,100,0,4,111,29,50,0,-195,-46,0,0,100,0,433,0,41,49,0,-145,-52,0,0,100,0,433,0,41,49,0,-20,-78,0,0,100,0,265,144,34,19,0,-24,-63,0,0,100,0,388,34,43,30,0,-95,-87,1,0,100,0,70,36,33,22,0,-91,-94,0,0,100,0,80,792,40,21,0,-71,-62,0,0,100,0,0,52,34,13,0,-79,-85,0,0,100,0,1,786,47,36,0,-79,-72,0,1,100,0,207,83,57,29,0,-98,-79,0,0,100,90,45,34,24,30,0,-27,-49,0,0,100,0,36,69,13,25,0,-69,-71,0,0,100,0,50,111,56,49,0,-41,-92,0,0,100,0,367,137,60,33,0,-78,-51,0,0,100,0,45,0,27,29,0,-55,-55,0,0,100,0,435,170,66,63,0,0,-54,0,0,100,0,101,935,23,38,0,-80,-37,0,0,100,0,657,104,63,47,0,-21,-92,0,0,100,0,426,414,85,97,0,-95,-123,0,0,100,0,464,616,66,61,0,-94,-140,0,0,100,0,734,519,143,67,0,-80,-6,0,0,100,0,141,0,61,14,0,-23,-6,0,0,100,0,141,0,61,14,0,
0,32,-124,-41,0,0,100,0,433,0,41,49,0,-101,-101,0,1,100,0,519,228,75,41,0,-158,-65,0,0,100,90,0,170,59,144,0,-231,-67,0,0,100,0,846,327,162,68,0,-214,-168,0,0,100,0,459,236,60,173,0,-128,-9,0,0,100,0,107,230,49,18,0,-201,-12,0,0,100,0,107,230,49,18,0,-154,-18,0,0,100,0,107,230,49,18,0,-28,-76,0,0,100,0,56,68,19,18,0,-34,-77,0,0,100,0,4,111,29,50,0,-195,-46,0,0,100,0,433,0,41,49,0,-145,-52,0,0,100,0,433,0,41,49,0,-18,-75,0,0,100,0,265,56,36,16,0,-20,-65,0,0,100,0,298,0,45,34,0,-74,-103,0,0,100,0,124,784,26,32,0,-56,-105,1,0,100,0,70,36,33,22,0,-76,-59,0,0,100,0,0,52,34,13,0,-84,-82,0,0,100,0,1,786,47,36,0,-79,-72,0,1,100,0,207,83,57,29,0,-59,-97,0,0,100,90,45,34,24,30,0,-26,-49,0,0,100,0,36,69,13,25,0,-67,-72,0,0,100,0,50,111,56,49,0,-42,-89,0,0,100,0,303,65,61,35,0,-78,-51,0,0,100,0,45,0,27,29,0,-55,-55,0,0,100,0,435,170,66,63,0,0,-54,0,0,100,0,101,935,23,38,0,-80,-37,0,0,100,0,657,104,63,47,0,-95,-123,0,0,100,0,464,616,66,61,0,-23,-89,0,0,100,0,0,417,85,93,0,-93,-137,0,0,100,0,9,527,142,62,0,-80,-6,0,0,100,0,141,0,61,14,0,-23,-6,0,0,100,0,141,0,61,14,0,
0,39,-124,-41,0,0,100,0,433,0,41,49,0,-50,-136,0,1,100,0,525,47,73,43,0,6,-88,0,0,100,-90,251,121,13,16,0,-123,-88,0,0,100,90,0,170,59,144,0,-241,-54,0,0,100,0,520,434,148,55,0,-167,-118,1,1,80,90,895,691,129,111,0,-8,-86,0,0,100,0,56,68,19,18,0,-26,-80,0,0,100,0,214,113,38,26,0,-14,-87,0,0,100,0,4,111,29,50,0,-22,-132,0,0,100,0,70,36,33,22,0,-32,-93,0,0,100,0,0,52,34,13,0,-40,-133,0,0,100,0,0,0,44,51,0,-41,-138,0,0,100,0,45,34,24,30,0,-5,-56,0,0,100,0,36,69,13,25,0,-24,-85,0,0,100,0,0,65,34,41,0,-56,-74,0,0,100,0,74,1,32,25,0,-214,-168,0,1,50,0,459,236,60,173,0,-214,-168,0,0,100,0,459,236,60,173,0,-40,-103,0,1,100,0,145,47,57,31,0,-195,-46,0,0,100,0,433,0,41,49,0,-145,-52,0,0,100,0,433,0,41,49,0,-1,-80,0,0,100,0,344,0,44,33,0,-20,-47,0,0,100,0,233,139,12,29,0,-32,-47,0,0,100,0,233,139,12,29,0,-36,-74,0,0,100,0,435,170,66,37,0,27,-71,0,0,100,0,148,934,23,37,0,1,-89,0,0,100,0,264,73,36,20,0,-7,-100,0,0,100,0,365,64,62,37,0,-79,-34,0,0,100,0,662,2,62,41,0,-4,-92,0,0,100,0,86,414,83,94,0,3,-92,0,1,100,0,86,414,83,94,0,-93,-125,0,0,100,0,265,662,65,56,0,-77,-142,0,0,100,0,154,524,145,66,0,-128,-9,0,0,100,0,107,230,49,18,0,-201,-12,0,0,100,0,107,230,49,18,0,-154,-18,0,0,100,0,107,230,49,18,0,-70,-142,0,1,100,0,154,524,145,66,0,-80,-6,0,0,100,0,141,0,61,14,0,-23,-6,0,0,100,0,141,0,61,14,0,
0,40,-124,-41,0,0,100,0,433,0,41,49,0,16,-62,0,0,100,0,251,121,13,16,0,2,-72,0,0,100,0,56,68,19,18,0,-16,-69,0,0,100,0,214,113,38,26,0,-4,-73,0,0,100,0,4,111,29,50,0,3,-134,0,0,100,0,935,429,41,139,0,-42,-125,0,1,100,0,523,96,67,38,0,-214,-156,0,0,100,0,459,236,60,157,0,-195,-46,0,0,100,0,433,0,41,49,0,-145,-52,0,0,100,0,433,0,41,49,0,10,-68,0,0,100,0,265,92,34,17,0,11,-60,0,0,100,0,386,0,46,34,0,-13,-124,0,0,100,0,70,36,33,22,0,-30,-101,0,1,100,0,142,79,57,32,0,-21,-86,0,0,100,0,0,52,34,13,0,-29,-126,0,0,100,0,0,0,44,51,0,-36,-119,0,0,50,0,0,0,44,51,0,-34,-121,0,1,100,0,0,0,44,51,0,-40,-120,0,0,100,0,45,34,24,30,0,5,-43,0,0,100,0,36,69,13,25,0,-13,-76,0,0,100,0,0,65,34,41,0,1,-87,0,0,100,0,302,100,62,34,0,-49,-69,0,0,60,0,74,1,32,25,0,-41,-67,0,0,100,0,74,1,32,25,0,-21,-61,0,0,100,0,466,594,20,17,0,-16,-40,0,0,100,0,232,140,13,27,0,-26,-46,0,0,100,0,245,141,18,23,0,-24,-57,0,0,100,0,784,253,55,64,0,24,-44,0,0,100,0,126,933,24,37,0,-79,-41,0,0,100,0,599,49,61,49,0,2,-89,0,0,100,0,170,417,85,94,0,-91,-129,0,0,100,0,316,598,65,61,0,-68,-139,0,0,100,0,301,523,140,63,0,-233,-53,0,0,100,0,679,431,160,50,0,-158,-132,1,1,20,90,895,691,129,111,0,-128,-9,0,0,100,0,107,230,49,18,0,-201,-12,0,0,100,0,107,230,49,18,0,-154,-18,0,0,100,0,107,230,49,18,0,-80,-6,0,0,100,0,141,0,61,14,0,-24,-6,0,0,100,0,141,0,61,14,0,
0,34,-124,-41,0,0,100,0,433,0,41,49,0,-219,-163,0,0,100,0,396,241,63,165,0,-43,-127,0,1,100,0,520,139,70,40,0,19,-66,0,0,100,0,251,121,13,16,0,6,-138,0,0,100,0,935,429,41,139,0,-128,-9,0,0,100,0,107,230,49,18,0,-201,-12,0,0,100,0,107,230,49,18,0,-154,-18,0,0,100,0,107,230,49,18,0,5,-77,0,0,100,0,56,68,19,18,0,-13,-71,0,0,100,0,214,113,38,26,0,-1,-78,0,0,100,0,4,111,29,50,0,-9,-123,0,0,100,0,70,36,33,22,0,-19,-84,0,0,100,0,0,52,34,13,0,-27,-124,0,0,100,0,0,0,44,51,0,-28,-129,0,0,100,0,45,34,24,30,0,8,-47,0,0,100,0,36,69,13,25,0,-11,-76,0,0,100,0,0,65,34,41,0,-195,-46,0,0,100,0,433,0,41,49,0,-145,-52,0,0,100,0,433,0,41,49,0,21,-73,0,0,100,0,264,110,35,16,0,17,-60,0,0,100,0,298,34,45,31,0,-23,-96,0,1,100,0,142,111,66,30,0,2,-95,0,0,100,0,367,99,64,35,0,-38,-71,0,0,100,0,382,593,27,23,0,-36,-58,0,0,100,0,415,596,21,18,0,-18,-64,0,0,100,0,466,594,20,17,0,-24,-53,0,0,100,0,316,171,57,57,0,15,-40,0,0,100,0,101,935,23,38,0,0,-89,0,0,100,0,254,417,88,92,0,-82,-43,0,0,100,0,663,47,66,53,0,-94,-125,0,0,100,0,332,657,66,62,0,-68,-138,0,0,100,0,448,522,138,64,0,-80,-6,0,0,100,0,141,0,61,14,0,-23,-6,0,0,100,0,141,0,61,14,0,
0,38,-124,-41,0,0,100,0,433,0,41,49,0,-167,-168,0,0,100,0,459,236,60,173,0,-249,-168,0,0,100,0,459,236,60,173,0,-217,-159,0,0,100,0,333,247,64,163,0,-219,-163,0,0,40,0,396,241,63,165,0,-195,-46,0,0,100,0,433,0,41,49,0,-145,-52,0,0,100,0,433,0,41,49,0,-42,-128,0,1,100,0,521,180,69,47,0,16,-64,0,0,100,0,251,121,13,16,0,3,-136,0,0,100,0,935,429,41,139,0,2,-75,0,0,100,0,56,68,19,18,0,-4,-76,0,0,100,0,4,111,29,50,0,-9,-121,0,0,100,0,70,36,33,22,0,-19,-82,0,0,100,0,0,52,34,13,0,-27,-122,0,0,100,0,0,0,44,51,0,-28,-127,0,0,100,0,45,34,24,30,0,5,-45,0,0,100,0,36,69,13,25,0,-21,-67,0,0,100,0,146,146,26,25,0,-14,-74,0,0,100,0,0,65,34,41,0,-46,-61,0,0,100,0,74,1,32,25,0,-21,-56,0,0,100,0,466,594,20,17,0,-25,-48,0,0,100,0,375,173,59,49,0,-195,-46,0,0,100,0,433,0,41,49,0,-145,-52,0,0,100,0,433,0,41,49,0,20,-75,0,0,100,0,264,127,37,18,0,14,-59,0,0,100,0,342,34,44,30,0,-23,-99,0,1,100,0,203,49,62,35,0,-2,-93,0,0,100,0,304,136,63,35,0,13,-39,0,0,100,0,148,934,23,37,0,-83,-43,0,0,100,0,591,100,66,53,0,2,-93,0,0,100,0,341,413,85,98,0,-95,-123,0,0,100,0,397,618,66,56,0,-74,-139,0,0,100,0,586,520,148,65,0,-128,-9,0,0,100,0,107,230,49,18,0,-201,-12,0,0,100,0,107,230,49,18,0,-154,-18,0,0,100,0,107,230,49,18,0,-80,-6,0,0,100,0,141,0,61,14,0,-23,-6,0,0,100,0,141,0,61,14,0,
0,37,-124,-41,0,0,100,0,433,0,41,49,0,5,-59,0,0,100,0,251,121,13,16,0,-8,-131,0,0,100,0,935,429,41,139,0,-9,-70,0,0,100,0,56,68,19,18,0,-32,-62,0,0,100,0,146,146,26,25,0,-15,-71,0,0,100,0,4,111,29,50,0,-214,-148,0,0,100,0,271,257,64,151,0,-217,-159,0,0,30,0,333,247,64,163,0,-176,-163,0,0,100,0,396,241,63,165,0,-258,-163,0,0,100,0,396,241,63,165,0,-195,-46,0,0,100,0,433,0,41,49,0,-145,-52,0,0,100,0,433,0,41,49,0,-60,-119,0,1,100,0,519,228,75,41,0,8,-70,0,0,100,0,265,144,34,19,0,4,-55,0,0,100,0,388,34,43,30,0,-22,-116,0,0,100,0,70,36,33,22,0,-34,-77,0,0,100,0,0,52,34,13,0,-36,-91,0,1,100,0,207,83,57,29,0,-40,-117,0,0,100,0,0,0,44,51,0,-41,-122,0,0,100,0,45,34,24,30,0,-6,-40,0,0,100,0,36,69,13,25,0,-25,-69,0,0,100,0,0,65,34,41,0,-5,-89,0,0,100,0,367,137,60,33,0,-54,-56,0,0,100,0,382,593,27,23,0,-51,-44,0,0,100,0,415,596,21,18,0,-34,-47,0,0,100,0,437,176,17,13,0,-27,-45,0,0,100,0,844,264,56,52,0,25,-46,0,0,100,0,148,934,23,37,0,-80,-37,0,0,100,0,657,104,63,47,0,2,-92,0,0,100,0,426,414,85,97,0,-95,-123,0,0,100,0,464,616,66,61,0,-71,-140,0,0,100,0,734,519,143,67,0,-128,-9,0,0,100,0,107,230,49,18,0,-201,-12,0,0,100,0,107,230,49,18,0,-154,-18,0,0,100,0,107,230,49,18,0,-80,-6,0,0,100,0,141,0,61,14,0,-23,-6,0,0,100,0,141,0,61,14,0,
0,48,-124,-41,0,0,100,0,433,0,41,49,0,-198,-47,1,1,100,0,746,257,22,25,0,-206,-53,2,1,100,0,722,263,25,17,0,-204,-46,2,1,100,0,722,263,25,17,0,-190,-60,0,1,100,0,746,257,22,25,0,-190,-49,0,1,100,0,698,265,24,14,0,-198,-47,1,0,100,0,746,257,22,25,0,-206,-53,2,0,100,0,722,263,25,17,0,-204,-46,2,0,100,0,722,263,25,17,0,-190,-60,0,0,100,0,746,257,22,25,0,-190,-49,0,0,100,0,698,265,24,14,0,7,-59,0,0,100,0,251,121,13,16,0,-6,-132,0,0,100,0,103,0,40,140,0,-9,-69,0,0,100,0,56,68,19,18,0,-12,-71,0,0,100,0,4,111,29,50,0,-59,-124,0,1,100,0,517,0,79,45,0,5,-69,0,0,100,0,265,56,36,16,0,-179,-158,0,0,100,0,333,247,64,163,0,-255,-158,0,0,100,0,333,247,64,163,0,-215,-162,0,0,100,0,202,245,68,167,0,-195,-46,0,0,100,0,433,0,41,49,0,-145,-52,0,0,100,0,433,0,41,49,0,6,-59,0,0,100,0,298,0,45,34,0,-38,-89,0,1,100,0,144,17,57,29,0,-28,-78,0,0,100,0,0,52,34,13,0,-35,-108,0,0,100,0,70,36,33,22,0,-47,-114,0,0,100,0,86,789,32,25,0,-39,-102,0,0,100,0,2,786,44,36,0,-48,-109,0,0,100,0,45,34,24,30,0,-3,-40,0,0,100,0,36,69,13,25,0,-29,-60,0,0,100,0,146,146,26,25,0,-22,-67,0,0,100,0,0,65,34,41,0,1,-87,0,0,100,0,303,64,61,37,0,-53,-61,0,0,100,0,382,593,27,23,0,-49,-49,0,0,100,0,415,596,21,18,0,-35,-53,0,0,100,0,466,594,20,17,0,-27,-44,0,0,100,0,153,181,52,50,0,-80,-36,0,0,100,0,599,0,63,44,0,15,-39,0,0,100,0,148,934,23,37,0,3,-90,0,0,100,0,0,417,85,93,0,-95,-121,0,0,100,0,250,604,66,52,0,-68,-137,0,0,100,0,9,527,142,62,0,-68,-137,0,1,100,0,9,527,142,62,0,-128,-9,0,0,100,0,107,230,49,18,0,-201,-12,0,0,100,0,107,230,49,18,0,-154,-18,0,0,100,0,107,230,49,18,0,-80,-6,0,0,100,0,141,0,61,14,0,-30,-6,0,0,100,0,141,0,61,14,0,
0,43,-124,-41,0,0,100,0,433,0,41,49,0,-204,-45,1,0,100,0,746,257,22,25,0,-212,-52,2,0,100,0,722,263,25,17,0,-212,-52,2,0,100,0,722,263,25,17,0,-192,-58,0,0,100,0,746,257,22,25,0,-181,-52,0,0,100,0,698,265,24,14,0,-181,-52,0,0,100,0,698,265,24,14,0,-250,-148,0,0,100,0,271,257,64,151,0,-179,-148,0,0,100,0,271,257,64,151,0,-218,-150,0,0,100,0,131,255,60,154,0,8,-59,0,0,100,0,251,121,13,16,0,-5,-132,0,0,100,0,103,0,40,140,0,-6,-70,0,0,100,0,56,68,19,18,0,-12,-70,0,0,100,0,4,111,29,50,0,-51,-120,0,1,100,0,525,47,73,43,0,-195,-46,0,0,100,0,433,0,41,49,0,-145,-52,0,0,100,0,433,0,41,49,0,9,-69,0,0,100,0,264,73,36,20,0,7,-58,0,0,100,0,344,0,44,33,0,-31,-114,0,0,100,0,70,36,33,22,0,-38,-90,0,1,100,0,145,47,57,31,0,-30,-76,0,0,100,0,0,52,34,13,0,-35,-115,0,0,100,0,58,789,22,29,0,-40,-99,0,0,100,0,0,786,52,36,0,-37,-115,0,0,100,0,45,34,24,30,0,-3,-40,0,0,100,0,36,69,13,25,0,-29,-62,0,0,100,0,146,146,26,25,0,-22,-69,0,0,100,0,0,65,34,41,0,1,-87,0,0,100,0,365,64,62,37,0,-53,-64,0,0,100,0,382,593,27,23,0,-49,-51,0,0,100,0,415,596,21,18,0,-35,-54,0,0,100,0,466,594,20,17,0,-27,-44,0,0,100,0,153,181,52,50,0,18,-39,1,0,100,0,148,934,23,37,0,-79,-34,0,0,100,0,662,2,62,41,0,3,-92,0,0,100,0,86,414,83,94,0,-93,-125,0,0,100,0,265,662,65,56,0,-70,-142,0,0,100,0,154,524,145,66,0,-128,-9,0,0,100,0,107,230,49,18,0,-201,-12,0,0,100,0,107,230,49,18,0,-154,-18,0,0,100,0,107,230,49,18,0,-80,-6,0,0,100,0,141,0,61,14,0,-30,-6,0,0,100,0,141,0,61,14,0,
0,41,-124,-41,0,0,100,0,433,0,41,49,0,-180,-161,0,0,100,0,202,245,68,167,0,-251,-162,0,0,100,0,202,245,68,167,0,-212,-42,1,0,100,0,746,257,22,25,0,-170,-43,1,0,100,90,722,263,25,17,0,-211,-49,2,0,100,0,722,263,25,17,0,-183,-47,0,0,100,0,746,257,22,25,0,-206,-53,0,0,100,0,698,265,24,14,0,-185,-50,0,0,100,0,698,265,24,14,0,8,-59,0,0,100,0,251,121,13,16,0,-6,-68,0,0,100,0,56,68,19,18,0,-12,-70,0,0,100,0,4,111,29,50,0,-3,-141,0,0,100,0,979,419,44,151,0,-56,-119,0,1,100,0,520,139,70,40,0,-195,-46,0,0,100,0,433,0,41,49,0,-145,-52,0,0,100,0,433,0,41,49,0,9,-67,0,0,100,0,264,110,35,16,0,6,-56,0,0,100,0,298,34,45,31,0,-20,-118,0,0,100,0,70,36,33,22,0,-42,-89,0,1,100,0,142,111,66,30,0,-30,-75,0,0,100,0,0,52,34,13,0,-38,-116,0,0,100,0,0,0,44,51,0,-39,-123,0,0,100,0,45,34,24,30,0,-3,-40,0,0,100,0,36,69,13,25,0,-29,-60,0,0,100,0,146,146,26,25,0,-22,-68,0,0,100,0,0,65,34,41,0,0,-89,0,0,100,0,367,99,64,35,0,-53,-63,0,0,100,0,382,593,27,23,0,-49,-51,0,0,100,0,415,596,21,18,0,-35,-56,0,0,100,0,466,594,20,17,0,-27,-44,0,0,100,0,153,181,52,50,0,15,-40,0,0,100,0,101,935,23,38,0,0,-89,0,0,100,0,254,417,88,92,0,-82,-43,0,0,100,0,663,47,66,53,0,-94,-125,0,0,100,0,332,657,66,62,0,-68,-138,0,0,100,0,448,522,138,64,0,-128,-9,0,0,100,0,107,230,49,18,0,-201,-12,0,0,100,0,107,230,49,18,0,-154,-18,0,0,100,0,107,230,49,18,0,-80,-6,0,0,100,0,141,0,61,14,0,-30,-6,0,0,100,0,141,0,61,14,0,
0,40,-124,-41,0,0,100,0,433,0,41,49,0,-219,-35,1,0,100,0,746,257,22,25,0,-165,-35,1,0,100,90,722,263,25,17,0,-215,-48,2,0,100,0,722,263,25,17,0,-188,-39,1,0,100,0,746,257,22,25,0,-176,-48,0,0,100,0,698,265,24,14,0,-181,-136,0,0,100,0,129,269,64,143,0,-254,-136,0,0,100,0,129,269,64,143,0,8,-59,0,0,100,0,251,121,13,16,0,-6,-69,0,0,100,0,56,68,19,18,0,-12,-71,0,0,100,0,4,111,29,50,0,-2,-141,0,0,100,0,979,419,44,151,0,-55,-121,0,1,100,0,521,180,69,47,0,-195,-46,0,0,100,0,433,0,41,49,0,-145,-52,0,0,100,0,433,0,41,49,0,9,-68,0,0,100,0,264,127,37,18,0,6,-56,0,0,100,0,342,34,44,30,0,-20,-117,0,0,100,0,70,36,33,22,0,-40,-92,0,1,100,0,203,49,62,35,0,-30,-75,0,0,100,0,0,52,34,13,0,-38,-116,0,0,100,0,0,0,44,51,0,-39,-122,0,0,100,0,45,34,24,30,0,-3,-40,0,0,100,0,36,69,13,25,0,-29,-61,0,0,100,0,146,146,26,25,0,-22,-69,0,0,100,0,0,65,34,41,0,-3,-89,0,0,100,0,304,136,63,35,0,-53,-64,0,0,100,0,382,593,27,23,0,-49,-51,0,0,100,0,415,596,21,18,0,-35,-56,0,0,100,0,466,594,20,17,0,-27,-44,0,0,100,0,153,181,52,50,0,13,-39,0,0,100,0,148,934,23,37,0,-83,-43,0,0,100,0,591,100,66,53,0,2,-93,0,0,100,0,341,413,85,98,0,-95,-123,0,0,100,0,397,618,66,56,0,-74,-139,0,0,100,0,586,520,148,65,0,-128,-9,0,0,100,0,107,230,49,18,0,-201,-12,0,0,100,0,107,230,49,18,0,-154,-18,0,0,100,0,107,230,49,18,0,-80,-6,0,0,100,0,141,0,61,14,0,-30,-6,0,0,100,0,141,0,61,14,0,
0,40,-124,-41,0,0,100,0,433,0,41,49,0,-219,-24,1,0,100,0,746,257,22,25,0,-161,-29,1,0,100,90,722,263,25,17,0,-216,-39,1,0,100,0,722,263,25,17,0,-167,-38,3,0,100,0,722,263,25,17,0,-186,-24,0,0,100,90,746,257,22,25,0,-254,-109,1,0,100,0,129,269,64,39,0,-180,-110,0,0,100,0,129,269,64,39,0,8,-59,0,0,100,0,251,121,13,16,0,-5,-131,0,0,100,0,935,429,41,139,0,-6,-70,0,0,100,0,56,68,19,18,0,-12,-71,0,0,100,0,4,111,29,50,0,-57,-120,0,1,100,0,519,228,75,41,0,-195,-46,0,0,100,0,433,0,41,49,0,-145,-52,0,0,100,0,433,0,41,49,0,11,-70,0,0,100,0,265,144,34,19,0,4,-58,0,0,100,0,388,34,43,30,0,-20,-116,0,0,100,0,70,36,33,22,0,-40,-86,0,1,100,0,207,83,57,29,0,-30,-77,0,0,100,0,0,52,34,13,0,-38,-117,0,0,100,0,0,0,44,51,0,-39,-122,0,0,100,0,45,34,24,30,0,-3,-40,0,0,100,0,36,69,13,25,0,-29,-62,0,0,100,0,146,146,26,25,0,-22,-69,0,0,100,0,0,65,34,41,0,0,-89,0,0,100,0,367,137,60,33,0,-53,-66,0,0,100,0,382,593,27,23,0,-49,-53,0,0,100,0,415,596,21,18,0,-35,-56,0,0,100,0,466,594,20,17,0,-27,-44,0,0,100,0,153,181,52,50,0,14,-39,0,0,100,0,148,934,23,37,0,-80,-37,0,0,100,0,657,104,63,47,0,2,-92,0,0,100,0,426,414,85,97,0,-95,-123,0,0,100,0,464,616,66,61,0,-71,-140,0,0,100,0,734,519,143,67,0,-128,-9,0,0,100,0,107,230,49,18,0,-201,-12,0,0,100,0,107,230,49,18,0,-154,-18,0,0,100,0,107,230,49,18,0,-80,-6,0,0,100,0,141,0,61,14,0,-30,-6,0,0,100,0,141,0,61,14,0,
0,39,-124,-41,0,0,100,0,433,0,41,49,0,-220,-20,1,0,100,0,746,257,22,25,0,-162,-24,1,0,100,90,722,263,25,17,0,-224,-21,1,0,100,0,722,263,25,17,0,-156,-18,3,0,100,0,722,263,25,17,0,-191,-15,0,0,100,0,701,263,21,19,0,7,-59,0,0,100,0,251,121,13,16,0,-6,-132,0,0,100,0,103,0,40,140,0,-6,-70,0,0,100,0,56,68,19,18,0,-12,-71,0,0,100,0,4,111,29,50,0,-58,-124,0,1,100,0,517,0,79,45,0,-195,-46,0,0,100,0,433,0,41,49,0,-145,-52,0,0,100,0,433,0,41,49,0,9,-69,0,0,100,0,265,56,36,16,0,6,-59,0,0,100,0,298,0,45,34,0,-20,-118,0,0,100,0,70,36,33,22,0,-38,-89,0,1,100,0,144,17,57,29,0,-30,-76,0,0,100,0,0,52,34,13,0,-38,-118,0,0,100,0,0,0,44,51,0,-39,-124,0,0,100,0,45,34,24,30,0,-3,-40,0,0,100,0,36,69,13,25,0,-29,-63,0,0,100,0,146,146,26,25,0,-22,-69,0,0,100,0,0,65,34,41,0,1,-87,0,0,100,0,303,64,61,37,0,-53,-65,0,0,100,0,382,593,27,23,0,-49,-52,0,0,100,0,415,596,21,18,0,-35,-55,0,0,100,0,466,594,20,17,0,-27,-44,0,0,100,0,153,181,52,50,0,-80,-36,0,0,100,0,599,0,63,44,0,15,-39,0,0,100,0,148,934,23,37,0,2,-89,0,0,100,0,0,417,85,93,0,-95,-121,0,0,100,0,250,604,66,52,0,-68,-137,0,0,100,0,9,527,142,62,0,-68,-137,0,1,100,0,9,527,142,62,0,-128,-9,0,0,100,0,107,230,49,18,0,-201,-12,0,0,100,0,107,230,49,18,0,-154,-18,0,0,100,0,107,230,49,18,0,-80,-6,0,0,100,0,141,0,61,14,0,-30,-6,0,0,100,0,141,0,61,14,0,
0,38,-124,-41,0,0,100,0,433,0,41,49,0,-227,-21,0,0,100,0,746,257,22,25,0,-146,-22,0,0,100,90,722,263,25,17,0,-228,-26,1,0,100,0,722,263,25,17,0,-174,-15,3,0,100,0,722,263,25,17,0,-146,-32,0,0,100,0,746,257,22,25,0,8,-59,0,0,100,0,251,121,13,16,0,-5,-132,0,0,100,0,103,0,40,140,0,-6,-70,0,0,100,0,56,68,19,18,0,-12,-70,0,0,100,0,4,111,29,50,0,-51,-120,0,1,100,0,525,47,73,43,0,-195,-46,0,0,100,0,433,0,41,49,0,-145,-52,0,0,100,0,433,0,41,49,0,9,-69,0,0,100,0,264,73,36,20,0,7,-58,0,0,100,0,344,0,44,33,0,-20,-118,0,0,100,0,70,36,33,22,0,-38,-90,0,1,100,0,145,47,57,31,0,-30,-76,0,0,100,0,0,52,34,13,0,-38,-117,0,0,100,0,0,0,44,51,0,-39,-124,0,0,100,0,45,34,24,30,0,-3,-40,0,0,100,0,36,69,13,25,0,-29,-62,0,0,100,0,146,146,26,25,0,-22,-69,0,0,100,0,0,65,34,41,0,1,-87,0,0,100,0,365,64,62,37,0,-53,-64,0,0,100,0,382,593,27,23,0,-49,-51,0,0,100,0,415,596,21,18,0,-35,-54,0,0,100,0,466,594,20,17,0,-27,-44,0,0,100,0,153,181,52,50,0,18,-39,1,0,100,0,148,934,23,37,0,-79,-34,0,0,100,0,662,2,62,41,0,3,-92,0,0,100,0,86,414,83,94,0,-93,-125,0,0,100,0,265,662,65,56,0,-70,-142,0,0,100,0,154,524,145,66,0,-128,-9,0,0,100,0,107,230,49,18,0,-201,-12,0,0,100,0,107,230,49,18,0,-154,-18,0,0,100,0,107,230,49,18,0,-80,-6,0,0,100,0,141,0,61,14,0,-30,-6,0,0,100,0,141,0,61,14,0,
0,38,-124,-41,0,0,100,0,433,0,41,49,0,-236,-25,0,0,100,0,746,257,22,25,0,-134,-13,2,0,100,0,722,263,25,17,0,-241,-14,2,0,100,0,722,263,25,17,0,-159,-26,0,0,100,0,722,263,25,17,0,-133,-22,0,0,100,0,746,257,22,25,0,8,-59,0,0,100,0,251,121,13,16,0,-6,-69,0,0,100,0,56,68,19,18,0,-12,-70,0,0,100,0,4,111,29,50,0,-5,-131,0,0,100,0,935,429,41,139,0,-53,-116,0,1,100,0,523,96,67,38,0,-195,-46,0,0,100,0,433,0,41,49,0,-145,-52,0,0,100,0,433,0,41,49,0,10,-68,0,0,100,0,265,92,34,17,0,3,-57,0,0,100,0,386,0,46,34,0,-20,-118,0,0,100,0,70,36,33,22,0,-41,-93,0,1,100,0,142,79,57,32,0,-30,-76,0,0,100,0,0,52,34,13,0,-38,-116,0,0,100,0,0,0,44,51,0,-39,-124,0,0,100,0,45,34,24,30,0,-3,-40,0,0,100,0,36,69,13,25,0,-29,-61,0,0,100,0,146,146,26,25,0,-22,-69,0,0,100,0,0,65,34,41,0,1,-87,0,0,100,0,302,100,62,34,0,-53,-63,0,0,100,0,382,593,27,23,0,-49,-50,0,0,100,0,415,596,21,18,0,-35,-55,0,0,100,0,466,594,20,17,0,-27,-44,0,0,100,0,153,181,52,50,0,16,-41,0,0,100,0,126,933,24,37,0,-79,-41,0,0,100,0,599,49,61,49,0,2,-89,0,0,100,0,170,417,85,94,0,-93,-129,0,0,100,0,316,598,65,61,0,-68,-139,0,0,100,0,301,523,140,63,0,-128,-9,0,0,100,0,107,230,49,18,0,-201,-12,0,0,100,0,107,230,49,18,0,-154,-18,0,0,100,0,107,230,49,18,0,-80,-6,0,0,100,0,141,0,61,14,0,-30,-6,0,0,100,0,141,0,61,14,0,
0,38,-124,-41,0,0,100,0,433,0,41,49,0,-251,-20,0,0,100,0,746,257,22,25,0,-155,-12,2,0,100,0,722,263,25,17,0,-241,-14,2,0,100,0,722,263,25,17,0,-145,-27,0,0,100,0,722,263,25,17,0,-130,-21,1,0,100,0,746,257,22,25,0,8,-59,0,0,100,0,251,121,13,16,0,-6,-68,0,0,100,0,56,68,19,18,0,-12,-70,0,0,100,0,4,111,29,50,0,-3,-141,0,0,100,0,979,419,44,151,0,-56,-119,0,1,100,0,520,139,70,40,0,9,-67,0,0,100,0,264,110,35,16,0,-195,-46,0,0,100,0,433,0,41,49,0,-145,-52,0,0,100,0,433,0,41,49,0,6,-56,0,0,100,0,298,34,45,31,0,-20,-118,0,0,100,0,70,36,33,22,0,-42,-89,0,1,100,0,142,111,66,30,0,-30,-75,0,0,100,0,0,52,34,13,0,-38,-116,0,0,100,0,0,0,44,51,0,-39,-123,0,0,100,0,45,34,24,30,0,-3,-40,0,0,100,0,36,69,13,25,0,-29,-60,0,0,100,0,146,146,26,25,0,-22,-68,0,0,100,0,0,65,34,41,0,0,-89,0,0,100,0,367,99,64,35,0,-53,-63,0,0,100,0,382,593,27,23,0,-49,-51,0,0,100,0,415,596,21,18,0,-35,-56,0,0,100,0,466,594,20,17,0,-27,-44,0,0,100,0,153,181,52,50,0,15,-40,0,0,100,0,101,935,23,38,0,0,-89,0,0,100,0,254,417,88,92,0,-82,-43,0,0,100,0,663,47,66,53,0,-94,-125,0,0,100,0,332,657,66,62,0,-68,-138,0,0,100,0,448,522,138,64,0,-128,-9,0,0,100,0,107,230,49,18,0,-201,-12,0,0,100,0,107,230,49,18,0,-154,-18,0,0,100,0,107,230,49,18,0,-80,-6,0,0,100,0,141,0,61,14,0,-30,-6,0,0,100,0,141,0,61,14,0,
0,38,-124,-41,0,0,100,0,433,0,41,49,0,-111,-19,0,0,100,0,746,257,22,25,0,-139,-13,3,0,100,0,722,263,25,17,0,-125,-15,0,0,100,0,722,263,25,17,0,-246,-16,0,0,100,0,722,263,25,17,0,-268,-14,2,0,100,0,722,263,25,17,0,8,-59,0,0,100,0,251,121,13,16,0,-6,-69,0,0,100,0,56,68,19,18,0,-12,-71,0,0,100,0,4,111,29,50,0,-2,-141,0,0,100,0,979,419,44,151,0,-55,-121,0,1,100,0,521,180,69,47,0,9,-68,0,0,100,0,264,127,37,18,0,-195,-46,0,0,100,0,433,0,41,49,0,-145,-52,0,0,100,0,433,0,41,49,0,6,-56,0,0,100,0,342,34,44,30,0,-20,-117,0,0,100,0,70,36,33,22,0,-40,-92,0,1,100,0,203,49,62,35,0,-30,-75,0,0,100,0,0,52,34,13,0,-38,-116,0,0,100,0,0,0,44,51,0,-39,-122,0,0,100,0,45,34,24,30,0,-3,-40,0,0,100,0,36,69,13,25,0,-29,-61,0,0,100,0,146,146,26,25,0,-22,-69,0,0,100,0,0,65,34,41,0,-3,-89,0,0,100,0,304,136,63,35,0,-53,-64,0,0,100,0,382,593,27,23,0,-49,-51,0,0,100,0,415,596,21,18,0,-35,-56,0,0,100,0,466,594,20,17,0,-27,-44,0,0,100,0,153,181,52,50,0,13,-39,0,0,100,0,148,934,23,37,0,-83,-43,0,0,100,0,591,100,66,53,0,2,-93,0,0,100,0,341,413,85,98,0,-95,-123,0,0,100,0,397,618,66,56,0,-74,-139,0,0,100,0,586,520,148,65,0,-128,-9,0,0,100,0,107,230,49,18,0,-201,-12,0,0,100,0,107,230,49,18,0,-154,-18,0,0,100,0,107,230,49,18,0,-80,-6,0,0,100,0,141,0,61,14,0,-30,-6,0,0,100,0,141,0,61,14,0,
0,38,-124,-41,0,0,100,0,433,0,41,49,0,-103,-11,0,0,100,0,699,266,25,15,0,-120,-11,0,0,100,0,699,266,25,15,0,-137,-11,0,0,100,0,699,266,25,15,0,-272,-11,0,0,100,0,699,266,25,15,0,-247,-13,0,0,100,0,699,266,25,15,0,8,-59,0,0,100,0,251,121,13,16,0,-5,-131,0,0,100,0,935,429,41,139,0,-6,-70,0,0,100,0,56,68,19,18,0,-12,-71,0,0,100,0,4,111,29,50,0,-57,-120,0,1,100,0,519,228,75,41,0,11,-70,0,0,100,0,265,144,34,19,0,-195,-46,0,0,100,0,433,0,41,49,0,-145,-52,0,0,100,0,433,0,41,49,0,4,-58,0,0,100,0,388,34,43,30,0,-20,-116,0,0,100,0,70,36,33,22,0,-40,-86,0,1,100,0,207,83,57,29,0,-30,-77,0,0,100,0,0,52,34,13,0,-38,-117,0,0,100,0,0,0,44,51,0,-39,-122,0,0,100,0,45,34,24,30,0,-3,-40,0,0,100,0,36,69,13,25,0,-29,-62,0,0,100,0,146,146,26,25,0,-22,-69,0,0,100,0,0,65,34,41,0,0,-89,0,0,100,0,367,137,60,33,0,-53,-66,0,0,100,0,382,593,27,23,0,-49,-53,0,0,100,0,415,596,21,18,0,-35,-56,0,0,100,0,466,594,20,17,0,-27,-44,0,0,100,0,153,181,52,50,0,14,-39,0,0,100,0,148,934,23,37,0,-80,-37,0,0,100,0,657,104,63,47,0,2,-92,0,0,100,0,426,414,85,97,0,-95,-123,0,0,100,0,464,616,66,61,0,-71,-140,0,0,100,0,734,519,143,67,0,-128,-9,0,0,100,0,107,230,49,18,0,-201,-12,0,0,100,0,107,230,49,18,0,-154,-18,0,0,100,0,107,230,49,18,0,-80,-6,0,0,100,0,141,0,61,14,0,-30,-6,0,0,100,0,141,0,61,14,0,
0,39,-124,-41,0,0,100,0,433,0,41,49,0,-102,-11,0,0,100,0,699,266,25,15,0,-118,-11,0,0,100,0,699,266,25,15,0,-130,-11,0,0,100,0,699,266,25,15,0,-276,-11,0,0,100,0,699,266,25,15,0,-251,-11,0,0,100,0,699,266,25,15,0,7,-59,0,0,100,0,251,121,13,16,0,-6,-132,0,0,100,0,103,0,40,140,0,-6,-70,0,0,100,0,56,68,19,18,0,-12,-71,0,0,100,0,4,111,29,50,0,-58,-124,0,1,100,0,517,0,79,45,0,9,-69,0,0,100,0,265,56,36,16,0,-195,-46,0,0,100,0,433,0,41,49,0,-145,-52,0,0,100,0,433,0,41,49,0,6,-59,0,0,100,0,298,0,45,34,0,-20,-118,0,0,100,0,70,36,33,22,0,-38,-89,0,1,100,0,144,17,57,29,0,-30,-76,0,0,100,0,0,52,34,13,0,-38,-118,0,0,100,0,0,0,44,51,0,-39,-124,0,0,100,0,45,34,24,30,0,-3,-40,0,0,100,0,36,69,13,25,0,-29,-63,0,0,100,0,146,146,26,25,0,-22,-69,0,0,100,0,0,65,34,41,0,1,-87,0,0,100,0,303,64,61,37,0,-53,-65,0,0,100,0,382,593,27,23,0,-49,-52,0,0,100,0,415,596,21,18,0,-35,-55,0,0,100,0,466,594,20,17,0,-27,-44,0,0,100,0,153,181,52,50,0,-80,-36,0,0,100,0,599,0,63,44,0,15,-39,0,0,100,0,148,934,23,37,0,2,-89,0,0,100,0,0,417,85,93,0,-95,-121,0,0,100,0,250,604,66,52,0,-68,-137,0,0,100,0,9,527,142,62,0,-68,-137,0,1,100,0,9,527,142,62,0,-128,-9,0,0,100,0,107,230,49,18,0,-201,-12,0,0,100,0,107,230,49,18,0,-154,-18,0,0,100,0,107,230,49,18,0,-80,-6,0,0,100,0,141,0,61,14,0,-30,-6,0,0,100,0,141,0,61,14,0,
0,38,-124,-41,0,0,100,0,433,0,41,49,0,-102,-11,0,0,100,0,699,266,25,15,0,-117,-11,0,0,100,0,699,266,25,15,0,-128,-11,0,0,100,0,699,266,25,15,0,-277,-11,0,0,100,0,699,266,25,15,0,-253,-11,0,0,100,0,699,266,25,15,0,8,-59,0,0,100,0,251,121,13,16,0,-5,-132,0,0,100,0,103,0,40,140,0,-6,-70,0,0,100,0,56,68,19,18,0,-12,-70,0,0,100,0,4,111,29,50,0,-51,-120,0,1,100,0,525,47,73,43,0,9,-69,0,0,100,0,264,73,36,20,0,-195,-46,0,0,100,0,433,0,41,49,0,-145,-52,0,0,100,0,433,0,41,49,0,7,-58,0,0,100,0,344,0,44,33,0,-20,-118,0,0,100,0,70,36,33,22,0,-38,-90,0,1,100,0,145,47,57,31,0,-30,-76,0,0,100,0,0,52,34,13,0,-38,-117,0,0,100,0,0,0,44,51,0,-39,-124,0,0,100,0,45,34,24,30,0,-3,-40,0,0,100,0,36,69,13,25,0,-29,-62,0,0,100,0,146,146,26,25,0,-22,-69,0,0,100,0,0,65,34,41,0,1,-87,0,0,100,0,365,64,62,37,0,-53,-64,0,0,100,0,382,593,27,23,0,-49,-51,0,0,100,0,415,596,21,18,0,-35,-54,0,0,100,0,466,594,20,17,0,-27,-44,0,0,100,0,153,181,52,50,0,18,-39,1,0,100,0,148,934,23,37,0,-79,-34,0,0,100,0,662,2,62,41,0,3,-92,0,0,100,0,86,414,83,94,0,-93,-125,0,0,100,0,265,662,65,56,0,-70,-142,0,0,100,0,154,524,145,66,0,-128,-9,0,0,100,0,107,230,49,18,0,-201,-12,0,0,100,0,107,230,49,18,0,-154,-18,0,0,100,0,107,230,49,18,0,-80,-6,0,0,100,0,141,0,61,14,0,-30,-6,0,0,100,0,141,0,61,14,0,
0,38,-124,-41,0,0,100,0,433,0,41,49,0,-102,-11,0,0,100,0,699,266,25,15,0,-117,-11,0,0,100,0,699,266,25,15,0,-128,-11,0,0,100,0,699,266,25,15,0,-277,-11,0,0,100,0,699,266,25,15,0,-253,-11,0,0,100,0,699,266,25,15,0,-195,-46,0,0,100,0,433,0,41,49,0,-145,-52,0,0,100,0,433,0,41,49,0,8,-59,0,0,100,0,251,121,13,16,0,-6,-69,0,0,100,0,56,68,19,18,0,-12,-70,0,0,100,0,4,111,29,50,0,-5,-131,0,0,100,0,935,429,41,139,0,-53,-116,0,1,100,0,523,96,67,38,0,10,-68,0,0,100,0,265,92,34,17,0,3,-57,0,0,100,0,386,0,46,34,0,-20,-118,0,0,100,0,70,36,33,22,0,-41,-93,0,1,100,0,142,79,57,32,0,-30,-76,0,0,100,0,0,52,34,13,0,-38,-116,0,0,100,0,0,0,44,51,0,-39,-124,0,0,100,0,45,34,24,30,0,-3,-40,0,0,100,0,36,69,13,25,0,-29,-61,0,0,100,0,146,146,26,25,0,-22,-69,0,0,100,0,0,65,34,41,0,1,-87,0,0,100,0,302,100,62,34,0,-53,-63,0,0,100,0,382,593,27,23,0,-49,-50,0,0,100,0,415,596,21,18,0,-35,-55,0,0,100,0,466,594,20,17,0,-27,-44,0,0,100,0,153,181,52,50,0,16,-41,0,0,100,0,126,933,24,37,0,-79,-41,0,0,100,0,599,49,61,49,0,2,-89,0,0,100,0,170,417,85,94,0,-93,-129,0,0,100,0,316,598,65,61,0,-68,-139,0,0,100,0,301,523,140,63,0,-128,-9,0,0,100,0,107,230,49,18,0,-201,-12,0,0,100,0,107,230,49,18,0,-154,-18,0,0,100,0,107,230,49,18,0,-80,-6,0,0,100,0,141,0,61,14,0,-30,-6,0,0,100,0,141,0,61,14,0,
0,41,-133,-45,0,0,50,0,4,603,45,57,0,-207,-50,0,0,50,0,4,603,45,57,0,-158,-58,0,0,50,0,4,603,45,57,0,-124,-41,0,0,60,0,433,0,41,49,0,-195,-46,0,0,60,0,433,0,41,49,0,-145,-52,0,0,60,0,433,0,41,49,0,-102,-11,0,0,100,0,699,266,25,15,0,-117,-11,0,0,100,0,699,266,25,15,0,-128,-11,0,0,100,0,699,266,25,15,0,-277,-11,0,0,100,0,699,266,25,15,0,-253,-11,0,0,100,0,699,266,25,15,0,8,-59,0,0,100,0,251,121,13,16,0,-6,-68,0,0,100,0,56,68,19,18,0,-12,-70,0,0,100,0,4,111,29,50,0,-3,-141,0,0,100,0,979,419,44,151,0,-56,-119,0,1,100,0,520,139,70,40,0,9,-67,0,0,100,0,264,110,35,16,0,6,-56,0,0,100,0,298,34,45,31,0,-20,-118,0,0,100,0,70,36,33,22,0,-42,-89,0,1,100,0,142,111,66,30,0,-30,-75,0,0,100,0,0,52,34,13,0,-38,-116,0,0,100,0,0,0,44,51,0,-39,-123,0,0,100,0,45,34,24,30,0,-3,-40,0,0,100,0,36,69,13,25,0,-29,-60,0,0,100,0,146,146,26,25,0,-22,-68,0,0,100,0,0,65,34,41,0,0,-89,0,0,100,0,367,99,64,35,0,-53,-63,0,0,100,0,382,593,27,23,0,-49,-51,0,0,100,0,415,596,21,18,0,-35,-56,0,0,100,0,466,594,20,17,0,-27,-44,0,0,100,0,153,181,52,50,0,15,-40,0,0,100,0,101,935,23,38,0,0,-89,0,0,100,0,254,417,88,92,0,-82,-43,0,0,100,0,663,47,66,53,0,-94,-125,0,0,100,0,332,657,66,62,0,-68,-138,0,0,100,0,448,522,138,64,0,-128,-9,0,0,100,0,107,230,49,18,0,-201,-12,0,0,100,0,107,230,49,18,0,-154,-18,0,0,100,0,107,230,49,18,0,-80,-6,0,0,100,0,141,0,61,14,0,-30,-6,0,0,100,0,141,0,61,14,0,
0,38,-133,-49,0,0,80,0,4,603,45,57,0,-207,-53,0,0,80,0,4,603,45,57,0,-158,-61,0,0,80,0,4,603,45,57,0,-102,-11,0,0,80,0,699,266,25,15,0,-117,-11,0,0,100,0,699,266,25,15,0,-128,-11,0,0,100,0,699,266,25,15,0,-277,-11,0,0,100,0,699,266,25,15,0,-253,-11,0,0,100,0,699,266,25,15,0,8,-59,0,0,100,0,251,121,13,16,0,-6,-69,0,0,100,0,56,68,19,18,0,-12,-71,0,0,100,0,4,111,29,50,0,-2,-141,0,0,100,0,979,419,44,151,0,-55,-121,0,1,100,0,521,180,69,47,0,9,-68,0,0,100,0,264,127,37,18,0,6,-56,0,0,100,0,342,34,44,30,0,-20,-117,0,0,100,0,70,36,33,22,0,-40,-92,0,1,100,0,203,49,62,35,0,-30,-75,0,0,100,0,0,52,34,13,0,-38,-116,0,0,100,0,0,0,44,51,0,-39,-122,0,0,100,0,45,34,24,30,0,-3,-40,0,0,100,0,36,69,13,25,0,-29,-61,0,0,100,0,146,146,26,25,0,-22,-69,0,0,100,0,0,65,34,41,0,-3,-89,0,0,100,0,304,136,63,35,0,-53,-64,0,0,100,0,382,593,27,23,0,-49,-51,0,0,100,0,415,596,21,18,0,-35,-56,0,0,100,0,466,594,20,17,0,-27,-44,0,0,100,0,153,181,52,50,0,13,-39,0,0,100,0,148,934,23,37,0,-83,-43,0,0,100,0,591,100,66,53,0,2,-93,0,0,100,0,341,413,85,98,0,-95,-123,0,0,100,0,397,618,66,56,0,-74,-139,0,0,100,0,586,520,148,65,0,-128,-9,0,0,100,0,107,230,49,18,0,-201,-12,0,0,100,0,107,230,49,18,0,-154,-18,0,0,100,0,107,230,49,18,0,-80,-6,0,0,100,0,141,0,61,14,0,-30,-6,0,0,100,0,141,0,61,14,0,
0,36,-133,-48,0,0,50,0,4,603,45,57,0,-207,-53,0,0,50,0,4,603,45,57,0,-158,-61,0,0,50,0,4,603,45,57,0,-133,-48,0,0,100,0,51,604,44,54,0,-207,-53,0,0,100,0,51,604,44,54,0,-158,-61,0,0,100,0,51,604,44,54,0,8,-59,0,0,100,0,251,121,13,16,0,-5,-131,0,0,100,0,935,429,41,139,0,-6,-70,0,0,100,0,56,68,19,18,0,-12,-71,0,0,100,0,4,111,29,50,0,-57,-120,0,1,100,0,519,228,75,41,0,11,-70,0,0,100,0,265,144,34,19,0,4,-58,0,0,100,0,388,34,43,30,0,-20,-116,0,0,100,0,70,36,33,22,0,-40,-86,0,1,100,0,207,83,57,29,0,-30,-77,0,0,100,0,0,52,34,13,0,-38,-117,0,0,100,0,0,0,44,51,0,-39,-122,0,0,100,0,45,34,24,30,0,-3,-40,0,0,100,0,36,69,13,25,0,-29,-62,0,0,100,0,146,146,26,25,0,-22,-69,0,0,100,0,0,65,34,41,0,0,-89,0,0,100,0,367,137,60,33,0,-53,-66,0,0,100,0,382,593,27,23,0,-49,-53,0,0,100,0,415,596,21,18,0,-35,-56,0,0,100,0,466,594,20,17,0,-27,-44,0,0,100,0,153,181,52,50,0,14,-39,0,0,100,0,148,934,23,37,0,-80,-37,0,0,100,0,657,104,63,47,0,2,-92,0,0,100,0,426,414,85,97,0,-95,-123,0,0,100,0,464,616,66,61,0,-71,-140,0,0,100,0,734,519,143,67,0,-128,-9,0,0,90,0,107,230,49,18,0,-201,-12,0,0,90,0,107,230,49,18,0,-154,-18,0,0,90,0,107,230,49,18,0,-80,-6,0,0,100,0,141,0,61,14,0,-30,-6,0,0,100,0,141,0,61,14,0,
0,36,-134,-54,0,0,100,0,143,599,50,62,0,-208,-59,0,0,100,0,143,599,50,62,0,-160,-68,0,0,100,0,143,599,50,62,0,-133,-48,0,0,30,0,51,604,44,54,0,-207,-53,0,0,30,0,51,604,44,54,0,-158,-61,0,0,30,0,51,604,44,54,0,7,-59,0,0,100,0,251,121,13,16,0,-6,-132,0,0,100,0,103,0,40,140,0,-6,-70,0,0,100,0,56,68,19,18,0,-12,-71,0,0,100,0,4,111,29,50,0,-58,-124,0,1,100,0,517,0,79,45,0,9,-69,0,0,100,0,265,56,36,16,0,6,-59,0,0,100,0,298,0,45,34,0,-20,-118,0,0,100,0,70,36,33,22,0,-38,-89,0,1,100,0,144,17,57,29,0,-30,-76,0,0,100,0,0,52,34,13,0,-38,-118,0,0,100,0,0,0,44,51,0,-39,-124,0,0,100,0,45,34,24,30,0,-3,-40,0,0,100,0,36,69,13,25,0,-29,-63,0,0,100,0,146,146,26,25,0,-22,-69,0,0,100,0,0,65,34,41,0,1,-87,0,0,100,0,303,64,61,37,0,-53,-65,0,0,100,0,382,593,27,23,0,-49,-52,0,0,100,0,415,596,21,18,0,-35,-55,0,0,100,0,466,594,20,17,0,-27,-44,0,0,100,0,153,181,52,50,0,-80,-36,0,0,100,0,599,0,63,44,0,15,-39,0,0,100,0,148,934,23,37,0,2,-89,0,0,100,0,0,417,85,93,0,-95,-121,0,0,100,0,250,604,66,52,0,-68,-137,0,0,100,0,9,527,142,62,0,-128,-9,0,0,100,0,107,230,49,18,0,-201,-12,0,0,100,0,107,230,49,18,0,-154,-18,0,0,100,0,107,230,49,18,0,-80,-6,0,0,100,0,141,0,61,14,0,-30,-6,0,0,100,0,141,0,61,14,0,
0,36,-130,-61,0,0,100,0,193,597,46,67,0,-204,-67,0,0,100,0,193,597,46,67,0,-157,-76,0,0,100,0,193,597,46,67,0,-134,-58,0,0,30,0,143,599,50,62,0,-208,-63,0,0,30,0,143,599,50,62,0,-160,-72,0,0,30,0,143,599,50,62,0,8,-59,0,0,100,0,251,121,13,16,0,-5,-132,0,0,100,0,103,0,40,140,0,-6,-70,0,0,100,0,56,68,19,18,0,-12,-70,0,0,100,0,4,111,29,50,0,-51,-120,0,1,100,0,525,47,73,43,0,9,-69,0,0,100,0,264,73,36,20,0,7,-58,0,0,100,0,344,0,44,33,0,-20,-118,0,0,100,0,70,36,33,22,0,-38,-90,0,1,100,0,145,47,57,31,0,-30,-76,0,0,100,0,0,52,34,13,0,-38,-117,0,0,100,0,0,0,44,51,0,-39,-124,0,0,100,0,45,34,24,30,0,-3,-40,0,0,100,0,36,69,13,25,0,-29,-62,0,0,100,0,146,146,26,25,0,-22,-69,0,0,100,0,0,65,34,41,0,1,-87,0,0,100,0,365,64,62,37,0,-53,-64,0,0,100,0,382,593,27,23,0,-49,-51,0,0,100,0,415,596,21,18,0,-35,-54,0,0,100,0,466,594,20,17,0,-27,-44,0,0,100,0,153,181,52,50,0,18,-39,1,0,100,0,148,934,23,37,0,-128,-9,0,0,70,0,107,230,49,18,0,-201,-12,0,0,70,0,107,230,49,18,0,-154,-18,0,0,70,0,107,230,49,18,0,-79,-34,0,0,100,0,662,2,62,41,0,3,-92,0,0,100,0,86,414,83,94,0,-93,-125,0,0,100,0,265,662,65,56,0,-70,-142,0,0,100,0,154,524,145,66,0,-80,-6,0,0,100,0,141,0,61,14,0,-30,-6,0,0,100,0,141,0,61,14,0,
0,36,-130,-63,0,0,80,0,4,671,47,59,0,-205,-68,0,0,80,0,4,671,47,59,0,-158,-76,0,0,80,0,4,671,47,59,0,-130,-63,0,0,30,0,193,597,46,67,0,-204,-69,0,0,30,0,193,597,46,67,0,-157,-78,0,0,30,0,193,597,46,67,0,8,-59,0,0,100,0,251,121,13,16,0,-6,-69,0,0,100,0,56,68,19,18,0,-12,-70,0,0,100,0,4,111,29,50,0,-5,-131,0,0,100,0,935,429,41,139,0,-53,-116,0,1,100,0,523,96,67,38,0,10,-68,0,0,100,0,265,92,34,17,0,3,-57,0,0,100,0,386,0,46,34,0,-20,-118,0,0,100,0,70,36,33,22,0,-41,-93,0,1,100,0,142,79,57,32,0,-30,-76,0,0,100,0,0,52,34,13,0,-38,-116,0,0,100,0,0,0,44,51,0,-39,-124,0,0,100,0,45,34,24,30,0,-3,-40,0,0,100,0,36,69,13,25,0,-29,-61,0,0,100,0,146,146,26,25,0,-22,-69,0,0,100,0,0,65,34,41,0,1,-87,0,0,100,0,302,100,62,34,0,-53,-63,0,0,100,0,382,593,27,23,0,-49,-50,0,0,100,0,415,596,21,18,0,-35,-55,0,0,100,0,466,594,20,17,0,-27,-44,0,0,100,0,153,181,52,50,0,16,-41,0,0,100,0,126,933,24,37,0,-79,-41,0,0,100,0,599,49,61,49,0,2,-89,0,0,100,0,170,417,85,94,0,-128,-9,0,0,50,0,107,230,49,18,0,-201,-12,0,0,50,0,107,230,49,18,0,-154,-18,0,0,50,0,107,230,49,18,0,-93,-129,0,0,100,0,316,598,65,61,0,-68,-139,0,0,100,0,301,523,140,63,0,-80,-6,0,0,100,0,141,0,61,14,0,-30,-6,0,0,100,0,141,0,61,14,0,
0,33,-128,-67,0,0,100,0,50,673,48,50,0,-206,-67,0,0,100,0,50,673,48,50,0,-159,-74,0,0,100,0,50,673,48,50,0,8,-59,0,0,100,0,251,121,13,16,0,-6,-68,0,0,100,0,56,68,19,18,0,-12,-70,0,0,100,0,4,111,29,50,0,-3,-141,0,0,100,0,979,419,44,151,0,-56,-119,0,1,100,0,520,139,70,40,0,9,-67,0,0,100,0,264,110,35,16,0,6,-56,0,0,100,0,298,34,45,31,0,-20,-118,0,0,100,0,70,36,33,22,0,-42,-89,0,1,100,0,142,111,66,30,0,-30,-75,0,0,100,0,0,52,34,13,0,-38,-116,0,0,100,0,0,0,44,51,0,-39,-123,0,0,100,0,45,34,24,30,0,-3,-40,0,0,100,0,36,69,13,25,0,-29,-60,0,0,100,0,146,146,26,25,0,-22,-68,0,0,100,0,0,65,34,41,0,0,-89,0,0,100,0,367,99,64,35,0,-53,-63,0,0,100,0,382,593,27,23,0,-49,-51,0,0,100,0,415,596,21,18,0,-35,-56,0,0,100,0,466,594,20,17,0,-27,-44,0,0,100,0,153,181,52,50,0,15,-40,0,0,100,0,101,935,23,38,0,0,-89,0,0,100,0,254,417,88,92,0,-82,-43,0,0,100,0,663,47,66,53,0,-94,-125,0,0,100,0,332,657,66,62,0,-68,-138,0,0,100,0,448,522,138,64,0,-128,-9,0,0,30,0,107,230,49,18,0,-201,-12,0,0,30,0,107,230,49,18,0,-154,-18,0,0,30,0,107,230,49,18,0,-80,-6,0,0,100,0,141,0,61,14,0,-30,-6,0,0,100,0,141,0,61,14,0,
0,33,-127,-71,0,0,100,0,98,672,51,51,0,-207,-73,0,0,100,0,98,672,51,51,0,-159,-76,0,0,100,0,98,672,51,51,0,8,-59,0,0,100,0,251,121,13,16,0,-6,-69,0,0,100,0,56,68,19,18,0,-12,-71,0,0,100,0,4,111,29,50,0,-2,-141,0,0,100,0,979,419,44,151,0,-55,-121,0,1,100,0,521,180,69,47,0,9,-68,0,0,100,0,264,127,37,18,0,6,-56,0,0,100,0,342,34,44,30,0,-20,-117,0,0,100,0,70,36,33,22,0,-40,-92,0,1,100,0,203,49,62,35,0,-30,-75,0,0,100,0,0,52,34,13,0,-38,-116,0,0,100,0,0,0,44,51,0,-39,-122,0,0,100,0,45,34,24,30,0,-3,-40,0,0,100,0,36,69,13,25,0,-29,-61,0,0,100,0,146,146,26,25,0,-22,-69,0,0,100,0,0,65,34,41,0,-3,-89,0,0,100,0,304,136,63,35,0,-53,-64,0,0,100,0,382,593,27,23,0,-49,-51,0,0,100,0,415,596,21,18,0,-35,-56,0,0,100,0,466,594,20,17,0,-27,-44,0,0,100,0,153,181,52,50,0,13,-39,0,0,100,0,148,934,23,37,0,-83,-43,0,0,100,0,591,100,66,53,0,2,-93,0,0,100,0,341,413,85,98,0,-95,-123,0,0,100,0,397,618,66,56,0,-74,-139,0,0,100,0,586,520,148,65,0,-128,-9,0,0,20,0,107,230,49,18,0,-201,-12,0,0,20,0,107,230,49,18,0,-154,-18,0,0,20,0,107,230,49,18,0,-80,-6,0,0,100,0,141,0,61,14,0,-30,-6,0,0,100,0,141,0,61,14,0,
0,36,-126,-74,0,0,100,0,149,674,51,47,0,-208,-74,0,0,100,0,149,674,51,47,0,-160,-77,0,0,100,0,149,674,51,47,0,-127,-71,0,0,20,0,98,672,51,51,0,-207,-73,0,0,20,0,98,672,51,51,0,-159,-76,0,0,20,0,98,672,51,51,0,8,-59,0,0,100,0,251,121,13,16,0,-5,-131,0,0,100,0,935,429,41,139,0,-6,-70,0,0,100,0,56,68,19,18,0,-12,-71,0,0,100,0,4,111,29,50,0,-57,-120,0,1,100,0,519,228,75,41,0,11,-70,0,0,100,0,265,144,34,19,0,4,-58,0,0,100,0,388,34,43,30,0,-20,-116,0,0,100,0,70,36,33,22,0,-40,-86,0,1,100,0,207,83,57,29,0,-30,-77,0,0,100,0,0,52,34,13,0,-38,-117,0,0,100,0,0,0,44,51,0,-39,-122,0,0,100,0,45,34,24,30,0,-3,-40,0,0,100,0,36,69,13,25,0,-29,-62,0,0,100,0,146,146,26,25,0,-22,-69,0,0,100,0,0,65,34,41,0,0,-89,0,0,100,0,367,137,60,33,0,-53,-66,0,0,100,0,382,593,27,23,0,-49,-53,0,0,100,0,415,596,21,18,0,-35,-56,0,0,100,0,466,594,20,17,0,-27,-44,0,0,100,0,153,181,52,50,0,14,-39,0,0,100,0,148,934,23,37,0,-80,-37,0,0,100,0,657,104,63,47,0,2,-92,0,0,100,0,426,414,85,97,0,-95,-123,0,0,100,0,464,616,66,61,0,-71,-140,0,0,100,0,734,519,143,67,0,-128,-9,0,0,10,0,107,230,49,18,0,-201,-12,0,0,10,0,107,230,49,18,0,-154,-18,0,0,10,0,107,230,49,18,0,-80,-6,0,0,100,0,141,0,61,14,0,-30,-6,0,0,100,0,141,0,61,14,0,
0,34,-130,-77,0,0,100,0,202,673,61,49,0,-212,-77,0,0,100,0,202,673,61,49,0,-165,-78,0,0,100,0,202,673,61,49,0,7,-59,0,0,100,0,251,121,13,16,0,-6,-132,0,0,100,0,103,0,40,140,0,-6,-70,0,0,100,0,56,68,19,18,0,-12,-71,0,0,100,0,4,111,29,50,0,-58,-124,0,1,100,0,517,0,79,45,0,9,-69,0,0,100,0,265,56,36,16,0,6,-59,0,0,100,0,298,0,45,34,0,-20,-118,0,0,100,0,70,36,33,22,0,-38,-89,0,1,100,0,144,17,57,29,0,-30,-76,0,0,100,0,0,52,34,13,0,-38,-118,0,0,100,0,0,0,44,51,0,-39,-124,0,0,100,0,45,34,24,30,0,-3,-40,0,0,100,0,36,69,13,25,0,-29,-63,0,0,100,0,146,146,26,25,0,-22,-69,0,0,100,0,0,65,34,41,0,1,-87,0,0,100,0,303,64,61,37,0,-53,-65,0,0,100,0,382,593,27,23,0,-49,-52,0,0,100,0,415,596,21,18,0,-35,-55,0,0,100,0,466,594,20,17,0,-27,-44,0,0,100,0,153,181,52,50,0,-80,-36,0,0,100,0,599,0,63,44,0,15,-39,0,0,100,0,148,934,23,37,0,2,-89,0,0,100,0,0,417,85,93,0,-95,-121,0,0,100,0,250,604,66,52,0,-68,-137,0,0,100,0,9,527,142,62,0,-68,-137,0,1,100,0,9,527,142,62,0,-128,-9,0,0,8,0,107,230,49,18,0,-201,-12,0,0,8,0,107,230,49,18,0,-154,-18,0,0,8,0,107,230,49,18,0,-80,-6,0,0,100,0,141,0,61,14,0,-30,-6,0,0,100,0,141,0,61,14,0,
0,33,-126,-74,0,0,100,0,2,733,54,44,0,-209,-74,0,0,100,0,2,733,54,44,0,-163,-78,0,0,100,0,2,733,54,44,0,8,-59,0,0,100,0,251,121,13,16,0,-5,-132,0,0,100,0,103,0,40,140,0,-6,-70,0,0,100,0,56,68,19,18,0,-12,-70,0,0,100,0,4,111,29,50,0,-51,-120,0,1,100,0,525,47,73,43,0,9,-69,0,0,100,0,264,73,36,20,0,7,-58,0,0,100,0,344,0,44,33,0,-20,-118,0,0,100,0,70,36,33,22,0,-38,-90,0,1,100,0,145,47,57,31,0,-30,-76,0,0,100,0,0,52,34,13,0,-38,-117,0,0,100,0,0,0,44,51,0,-39,-124,0,0,100,0,45,34,24,30,0,-3,-40,0,0,100,0,36,69,13,25,0,-29,-62,0,0,100,0,146,146,26,25,0,-22,-69,0,0,100,0,0,65,34,41,0,1,-87,0,0,100,0,365,64,62,37,0,-53,-64,0,0,100,0,382,593,27,23,0,-49,-51,0,0,100,0,415,596,21,18,0,-35,-54,0,0,100,0,466,594,20,17,0,-27,-44,0,0,100,0,153,181,52,50,0,18,-39,1,0,100,0,148,934,23,37,0,-79,-34,0,0,100,0,662,2,62,41,0,3,-92,0,0,100,0,86,414,83,94,0,-93,-125,0,0,100,0,265,662,65,56,0,-70,-142,0,0,100,0,154,524,145,66,0,-128,-9,0,0,6,0,107,230,49,18,0,-201,-12,0,0,6,0,107,230,49,18,0,-154,-18,0,0,6,0,107,230,49,18,0,-80,-6,0,0,100,0,141,0,61,14,0,-30,-6,0,0,100,0,141,0,61,14,0,
0,33,-121,-77,0,0,100,0,57,733,49,40,0,-206,-77,0,0,100,0,57,733,49,40,0,-158,-80,0,0,100,0,57,733,49,40,0,8,-59,0,0,100,0,251,121,13,16,0,-6,-69,0,0,100,0,56,68,19,18,0,-12,-70,0,0,100,0,4,111,29,50,0,-5,-131,0,0,100,0,935,429,41,139,0,-53,-116,0,1,100,0,523,96,67,38,0,10,-68,0,0,100,0,265,92,34,17,0,3,-57,0,0,100,0,386,0,46,34,0,-20,-118,0,0,100,0,70,36,33,22,0,-41,-93,0,1,100,0,142,79,57,32,0,-30,-76,0,0,100,0,0,52,34,13,0,-38,-116,0,0,100,0,0,0,44,51,0,-39,-124,0,0,100,0,45,34,24,30,0,-3,-40,0,0,100,0,36,69,13,25,0,-29,-61,0,0,100,0,146,146,26,25,0,-22,-69,0,0,100,0,0,65,34,41,0,1,-87,0,0,100,0,302,100,62,34,0,-53,-63,0,0,100,0,382,593,27,23,0,-49,-50,0,0,100,0,415,596,21,18,0,-35,-55,0,0,100,0,466,594,20,17,0,-27,-44,0,0,100,0,153,181,52,50,0,16,-41,0,0,100,0,126,933,24,37,0,-79,-41,0,0,100,0,599,49,61,49,0,2,-89,0,0,100,0,170,417,85,94,0,-93,-129,0,0,100,0,316,598,65,61,0,-68,-139,0,0,100,0,301,523,140,63,0,-128,-9,0,0,3,0,107,230,49,18,0,-201,-12,0,0,3,0,107,230,49,18,0,-154,-18,0,0,3,0,107,230,49,18,0,-80,-6,0,0,100,0,141,0,61,14,0,-30,-6,0,0,100,0,141,0,61,14,0,
0,30,-113,-82,0,0,100,0,152,733,32,28,0,-199,-82,0,0,100,0,152,733,32,28,0,-150,-84,0,0,100,0,152,733,32,28,0,8,-59,0,0,100,0,251,121,13,16,0,-6,-68,0,0,100,0,56,68,19,18,0,-12,-70,0,0,100,0,4,111,29,50,0,-3,-141,0,0,100,0,979,419,44,151,0,-56,-119,0,1,100,0,520,139,70,40,0,9,-67,0,0,100,0,264,110,35,16,0,6,-56,0,0,100,0,298,34,45,31,0,-20,-118,0,0,100,0,70,36,33,22,0,-42,-89,0,1,100,0,142,111,66,30,0,-30,-75,0,0,100,0,0,52,34,13,0,-38,-116,0,0,100,0,0,0,44,51,0,-39,-123,0,0,100,0,45,34,24,30,0,-3,-40,0,0,100,0,36,69,13,25,0,-29,-60,0,0,100,0,146,146,26,25,0,-22,-68,0,0,100,0,0,65,34,41,0,0,-89,0,0,100,0,367,99,64,35,0,-53,-63,0,0,100,0,382,593,27,23,0,-49,-51,0,0,100,0,415,596,21,18,0,-35,-56,0,0,100,0,466,594,20,17,0,-27,-44,0,0,100,0,153,181,52,50,0,15,-40,0,0,100,0,101,935,23,38,0,0,-89,0,0,100,0,254,417,88,92,0,-82,-43,0,0,100,0,663,47,66,53,0,-94,-125,0,0,100,0,332,657,66,62,0,-68,-138,0,0,100,0,448,522,138,64,0,-80,-6,0,0,100,0,141,0,61,14,0,-30,-6,0,0,100,0,141,0,61,14,0,
0,30,-113,-85,0,0,100,0,152,733,32,28,0,-199,-85,0,0,100,0,152,733,32,28,0,-150,-87,0,0,100,0,152,733,32,28,0,8,-59,0,0,100,0,251,121,13,16,0,-6,-69,0,0,100,0,56,68,19,18,0,-12,-71,0,0,100,0,4,111,29,50,0,-2,-141,0,0,100,0,979,419,44,151,0,-55,-121,0,1,100,0,521,180,69,47,0,9,-68,0,0,100,0,264,127,37,18,0,6,-56,0,0,100,0,342,34,44,30,0,-20,-117,0,0,100,0,70,36,33,22,0,-40,-92,0,1,100,0,203,49,62,35,0,-30,-75,0,0,100,0,0,52,34,13,0,-38,-116,0,0,100,0,0,0,44,51,0,-39,-122,0,0,100,0,45,34,24,30,0,-3,-40,0,0,100,0,36,69,13,25,0,-29,-61,0,0,100,0,146,146,26,25,0,-22,-69,0,0,100,0,0,65,34,41,0,-3,-89,0,0,100,0,304,136,63,35,0,-53,-64,0,0,100,0,382,593,27,23,0,-49,-51,0,0,100,0,415,596,21,18,0,-35,-56,0,0,100,0,466,594,20,17,0,-27,-44,0,0,100,0,153,181,52,50,0,13,-39,0,0,100,0,148,934,23,37,0,-83,-43,0,0,100,0,591,100,66,53,0,2,-93,0,0,100,0,341,413,85,98,0,-95,-123,0,0,100,0,397,618,66,56,0,-74,-139,0,0,100,0,586,520,148,65,0,-80,-6,0,0,100,0,141,0,61,14,0,-30,-6,0,0,100,0,141,0,61,14,0,
0,30,-114,-85,0,0,100,0,189,735,31,16,0,-200,-84,0,0,100,0,189,735,31,16,0,-151,-87,0,0,100,0,189,735,31,16,0,8,-59,0,0,100,0,251,121,13,16,0,-5,-131,0,0,100,0,935,429,41,139,0,-6,-70,0,0,100,0,56,68,19,18,0,-12,-71,0,0,100,0,4,111,29,50,0,-57,-120,0,1,100,0,519,228,75,41,0,11,-70,0,0,100,0,265,144,34,19,0,4,-58,0,0,100,0,388,34,43,30,0,-20,-116,0,0,100,0,70,36,33,22,0,-40,-86,0,1,100,0,207,83,57,29,0,-30,-77,0,0,100,0,0,52,34,13,0,-38,-117,0,0,100,0,0,0,44,51,0,-39,-122,0,0,100,0,45,34,24,30,0,-3,-40,0,0,100,0,36,69,13,25,0,-29,-62,0,0,100,0,146,146,26,25,0,-22,-69,0,0,100,0,0,65,34,41,0,0,-89,0,0,100,0,367,137,60,33,0,-53,-66,0,0,100,0,382,593,27,23,0,-49,-53,0,0,100,0,415,596,21,18,0,-35,-56,0,0,100,0,466,594,20,17,0,-27,-44,0,0,100,0,153,181,52,50,0,14,-39,0,0,100,0,148,934,23,37,0,-80,-37,0,0,100,0,657,104,63,47,0,2,-92,0,0,100,0,426,414,85,97,0,-95,-123,0,0,100,0,464,616,66,61,0,-71,-140,0,0,100,0,734,519,143,67,0,-80,-6,0,0,100,0,141,0,61,14,0,-30,-6,0,0,100,0,141,0,61,14,0,
0,27,-16,-75,0,0,100,0,385,723,38,67,0,14,-58,0,0,100,0,251,121,13,16,0,4,-141,0,0,100,0,980,420,40,154,0,-58,-124,0,1,100,0,517,0,79,45,0,9,-69,0,0,100,0,265,56,36,16,0,3,-59,0,0,100,0,298,0,45,34,0,-20,-118,0,0,100,0,70,36,33,22,0,-38,-89,0,1,100,0,144,17,57,29,0,-30,-76,0,0,100,0,0,52,34,13,0,-38,-118,0,0,100,0,0,0,44,51,0,-39,-124,0,0,100,0,45,34,24,30,0,-3,-40,0,0,100,0,36,69,13,25,0,-29,-63,0,0,100,0,146,146,26,25,0,-22,-69,0,0,100,0,0,65,34,41,0,1,-87,0,0,100,0,303,64,61,37,0,-53,-65,0,0,100,0,382,593,27,23,0,-49,-52,0,0,100,0,415,596,21,18,0,-35,-55,0,0,100,0,466,594,20,17,0,-27,-44,0,0,100,0,153,181,52,50,0,-80,-36,0,0,100,0,599,0,63,44,0,15,-39,0,0,100,0,148,934,23,37,0,2,-89,0,0,100,0,0,417,85,93,0,-95,-121,0,0,100,0,250,604,66,52,0,-68,-137,0,0,100,0,9,527,142,62,0,-68,-137,0,1,100,0,9,527,142,62,0,-80,-6,0,0,100,0,141,0,61,14,0,-30,-6,0,0,100,0,141,0,61,14,0,
0,26,-13,-76,0,0,100,0,427,723,38,62,0,15,-58,0,0,100,0,251,121,13,16,0,7,-135,0,0,100,0,67,169,47,143,0,-50,-119,0,1,100,0,525,47,73,43,0,9,-69,0,0,100,0,264,73,36,20,0,0,-58,0,0,100,0,344,0,44,33,0,-19,-117,0,0,100,0,70,36,33,22,0,-37,-89,0,1,100,0,145,47,57,31,0,-29,-75,0,0,100,0,0,52,34,13,0,-37,-116,0,0,100,0,0,0,44,51,0,-38,-123,0,0,100,0,45,34,24,30,0,-3,-40,0,0,100,0,36,69,13,25,0,-29,-62,0,0,100,0,146,146,26,25,0,-22,-69,0,0,100,0,0,65,34,41,0,1,-87,0,0,100,0,365,64,62,37,0,-53,-64,0,0,100,0,382,593,27,23,0,-49,-51,0,0,100,0,415,596,21,18,0,-35,-54,0,0,100,0,466,594,20,17,0,-27,-44,0,0,100,0,153,181,52,50,0,18,-39,1,0,100,0,148,934,23,37,0,-79,-34,0,0,100,0,662,2,62,41,0,3,-92,0,0,100,0,86,414,83,94,0,-93,-125,0,0,100,0,265,662,65,56,0,-70,-142,0,0,100,0,154,524,145,66,0,-80,-6,0,0,100,0,141,0,61,14,0,-30,-6,0,0,100,0,141,0,61,14,0,
0,26,15,-58,0,0,100,0,251,121,13,16,0,7,-135,0,0,100,0,67,169,47,143,0,-7,-73,0,0,100,0,469,730,27,59,0,-53,-116,0,1,100,0,523,96,67,38,0,10,-68,0,0,100,0,265,92,34,17,0,-3,-57,0,0,100,0,386,0,46,34,0,-20,-118,0,0,100,0,70,36,33,22,0,-41,-93,0,1,100,0,142,79,57,32,0,-30,-76,0,0,100,0,0,52,34,13,0,-38,-116,0,0,100,0,0,0,44,51,0,-39,-124,0,0,100,0,45,34,24,30,0,-3,-40,0,0,100,0,36,69,13,25,0,-29,-61,0,0,100,0,146,146,26,25,0,-22,-69,0,0,100,0,0,65,34,41,0,1,-87,0,0,100,0,302,100,62,34,0,-53,-63,0,0,100,0,382,593,27,23,0,-49,-50,0,0,100,0,415,596,21,18,0,-35,-55,0,0,100,0,466,594,20,17,0,-27,-44,0,0,100,0,153,181,52,50,0,16,-41,0,0,100,0,126,933,24,37,0,-79,-41,0,0,100,0,599,49,61,49,0,2,-89,0,0,100,0,170,417,85,94,0,-93,-129,0,0,100,0,316,598,65,61,0,-68,-139,0,0,100,0,301,523,140,63,0,-80,-6,0,0,100,0,141,0,61,14,0,-30,-6,0,0,100,0,141,0,61,14,0,
0,25,-21,-82,0,0,100,0,501,721,41,65,0,15,-58,0,0,100,0,251,121,13,16,0,7,-135,0,0,100,0,67,169,47,143,0,-56,-119,0,1,100,0,520,139,70,40,0,7,-67,0,0,100,0,264,110,35,16,0,-1,-56,0,0,100,0,298,34,45,31,0,-20,-118,0,0,100,0,70,36,33,22,0,-42,-89,0,1,100,0,142,111,66,30,0,-30,-75,0,0,100,0,0,52,34,13,0,-38,-116,0,0,100,0,0,0,44,51,0,-39,-123,0,0,100,0,45,34,24,30,0,-29,-60,0,0,100,0,146,146,26,25,0,-22,-68,0,0,100,0,0,65,34,41,0,0,-89,0,0,100,0,367,99,64,35,0,-53,-63,0,0,100,0,382,593,27,23,0,-49,-51,0,0,100,0,415,596,21,18,0,-35,-56,0,0,100,0,466,594,20,17,0,-27,-44,0,0,100,0,153,181,52,50,0,15,-40,0,0,100,0,101,935,23,38,0,0,-89,0,0,100,0,254,417,88,92,0,-82,-43,0,0,100,0,663,47,66,53,0,-94,-125,0,0,100,0,332,657,66,62,0,-68,-138,0,0,100,0,448,522,138,64,0,-80,-6,0,0,100,0,141,0,61,14,0,-30,-6,0,0,100,0,141,0,61,14,0,
0,27,9,-83,0,1,100,0,485,701,17,20,0,9,-83,0,0,100,0,485,701,17,20,0,-21,-79,0,0,100,0,544,723,37,64,0,15,-58,0,0,100,0,251,121,13,16,0,-49,-122,0,1,100,0,521,180,69,47,0,-10,-117,0,0,100,0,70,36,33,22,0,-29,-72,0,0,100,0,601,773,35,13,0,-41,-119,0,0,100,0,591,715,54,54,0,7,-135,0,0,100,0,67,169,47,143,0,4,-70,0,0,100,0,264,127,37,18,0,-3,-56,0,0,100,0,342,34,44,30,0,-40,-92,0,1,100,0,203,49,62,35,0,-29,-122,0,0,100,0,45,34,24,30,0,-29,-61,0,0,100,0,146,146,26,25,0,-22,-69,0,0,100,0,0,65,34,41,0,-3,-89,0,0,100,0,304,136,63,35,0,-53,-64,0,0,100,0,382,593,27,23,0,-49,-51,0,0,100,0,415,596,21,18,0,-35,-56,0,0,100,0,466,594,20,17,0,-27,-44,0,0,100,0,153,181,52,50,0,13,-39,0,0,100,0,148,934,23,37,0,-83,-43,0,0,100,0,591,100,66,53,0,2,-93,0,0,100,0,341,413,85,98,0,-95,-123,0,0,100,0,397,618,66,56,0,-74,-139,0,0,100,0,586,520,148,65,0,-80,-6,0,0,100,0,141,0,61,14,0,-30,-6,0,0,100,0,141,0,61,14,0,
0,27,11,-83,0,1,100,0,504,700,21,17,0,11,-83,0,0,100,0,504,700,21,17,0,-21,-79,0,0,100,0,544,723,37,64,0,15,-58,0,0,100,0,251,121,13,16,0,-10,-117,0,0,100,0,70,36,33,22,0,-29,-72,0,0,100,0,601,773,35,13,0,-41,-119,0,0,100,0,591,715,54,54,0,7,-135,0,0,100,0,67,169,47,143,0,-29,-122,0,0,100,0,45,34,24,30,0,-57,-120,0,1,100,0,519,228,75,41,0,11,-70,0,0,100,0,265,144,34,19,0,3,-58,0,0,100,0,388,34,43,30,0,-40,-86,0,1,100,0,207,83,57,29,0,-29,-62,0,0,100,0,146,146,26,25,0,-22,-69,0,0,100,0,0,65,34,41,0,0,-89,0,0,100,0,367,137,60,33,0,-53,-66,0,0,100,0,382,593,27,23,0,-49,-53,0,0,100,0,415,596,21,18,0,-35,-56,0,0,100,0,466,594,20,17,0,-27,-44,0,0,100,0,153,181,52,50,0,14,-39,0,0,100,0,148,934,23,37,0,-80,-37,0,0,100,0,657,104,63,47,0,2,-92,0,0,100,0,426,414,85,97,0,-95,-123,0,0,100,0,464,616,66,61,0,-71,-140,0,0,100,0,734,519,143,67,0,-80,-6,0,0,100,0,141,0,61,14,0,-30,-6,0,0,100,0,141,0,61,14,0,
0,29,14,-86,0,1,100,0,527,696,23,21,0,14,-86,0,0,100,0,527,696,23,21,0,-21,-79,0,0,100,0,544,723,37,64,0,14,-58,0,0,100,0,251,121,13,16,0,-8,-115,0,0,100,0,70,36,33,22,0,-27,-72,0,0,100,0,601,773,35,13,0,-39,-117,0,0,100,0,591,715,54,54,0,6,-135,0,0,100,0,67,169,47,143,0,-27,-120,0,0,100,0,45,34,24,30,0,-58,-124,0,1,100,0,517,0,79,45,0,7,-69,0,0,100,0,265,56,36,16,0,1,-59,0,0,100,0,298,0,45,34,0,-38,-89,0,1,100,0,144,17,57,29,0,-3,-40,0,0,100,0,36,69,13,25,0,-29,-63,0,0,100,0,146,146,26,25,0,-22,-69,0,0,100,0,0,65,34,41,0,1,-87,0,0,100,0,303,64,61,37,0,-53,-65,0,0,100,0,382,593,27,23,0,-49,-52,0,0,100,0,415,596,21,18,0,-35,-55,0,0,100,0,466,594,20,17,0,-27,-44,0,0,100,0,153,181,52,50,0,-80,-36,0,0,100,0,599,0,63,44,0,15,-39,0,0,100,0,148,934,23,37,0,2,-89,0,0,100,0,0,417,85,93,0,-95,-121,0,0,100,0,250,604,66,52,0,-68,-137,0,0,100,0,9,527,142,62,0,-68,-137,0,1,100,0,9,527,142,62,0,-80,-6,0,0,100,0,141,0,61,14,0,-30,-6,0,0,100,0,141,0,61,14,0,
0,28,12,-91,0,1,100,0,552,690,30,29,0,12,-91,0,0,100,0,552,690,30,29,0,-21,-79,0,0,100,0,544,723,37,64,0,14,-58,0,0,100,0,251,121,13,16,0,-9,-116,0,0,100,0,70,36,33,22,0,-26,-72,0,0,100,0,601,773,35,13,0,-39,-117,0,0,100,0,591,715,54,54,0,6,-135,0,0,100,0,67,169,47,143,0,-28,-121,0,0,100,0,45,34,24,30,0,-51,-120,0,1,100,0,525,47,73,43,0,4,-69,0,0,100,0,264,73,36,20,0,0,-58,0,0,100,0,344,0,44,33,0,-38,-90,0,1,100,0,145,47,57,31,0,-3,-40,0,0,100,0,36,69,13,25,0,-29,-62,0,0,100,0,146,146,26,25,0,-22,-69,0,0,100,0,0,65,34,41,0,1,-87,0,0,100,0,365,64,62,37,0,-53,-64,0,0,100,0,382,593,27,23,0,-49,-51,0,0,100,0,415,596,21,18,0,-35,-54,0,0,100,0,466,594,20,17,0,-27,-44,0,0,100,0,153,181,52,50,0,18,-39,1,0,100,0,148,934,23,37,0,-79,-34,0,0,100,0,662,2,62,41,0,3,-92,0,0,100,0,86,414,83,94,0,-93,-125,0,0,100,0,265,662,65,56,0,-70,-142,0,0,100,0,154,524,145,66,0,-80,-6,0,0,100,0,141,0,61,14,0,-30,-6,0,0,100,0,141,0,61,14,0,
0,28,13,-96,0,1,100,0,582,685,38,31,0,13,-96,0,0,100,0,582,685,38,31,0,-21,-78,0,0,100,0,544,723,37,64,0,14,-58,0,0,100,0,251,121,13,16,0,-9,-116,0,0,100,0,70,36,33,22,0,-26,-72,0,0,100,0,601,773,35,13,0,-46,-115,0,1,80,0,523,96,67,38,0,-39,-117,0,0,100,0,591,715,54,54,0,6,-135,0,0,100,0,67,169,47,143,0,-28,-121,0,0,100,0,45,34,24,30,0,4,-68,0,0,100,0,265,92,34,17,0,-5,-57,0,0,100,0,386,0,46,34,0,-20,-118,0,0,100,0,70,36,33,22,0,-41,-93,0,1,100,0,142,79,57,32,0,-29,-61,0,0,100,0,146,146,26,25,0,-22,-69,0,0,100,0,0,65,34,41,0,1,-87,0,0,100,0,302,100,62,34,0,-53,-63,0,0,100,0,382,593,27,23,0,-49,-50,0,0,100,0,415,596,21,18,0,-35,-55,0,0,100,0,466,594,20,17,0,-27,-44,0,0,100,0,153,181,52,50,0,16,-41,0,0,100,0,126,933,24,37,0,-79,-41,0,0,100,0,599,49,61,49,0,2,-89,0,0,100,0,170,417,85,94,0,-93,-129,0,0,100,0,316,598,65,61,0,-68,-139,0,0,100,0,301,523,140,63,0,-80,-6,0,0,100,0,141,0,61,14,0,-30,-6,0,0,100,0,141,0,61,14,0,
0,27,14,-97,0,1,100,0,582,685,38,31,0,14,-97,0,0,100,0,582,685,38,31,0,-21,-78,0,0,100,0,544,723,37,64,0,14,-58,0,0,100,0,251,121,13,16,0,-9,-116,0,0,100,0,70,36,33,22,0,-26,-72,0,0,100,0,601,773,35,13,0,-39,-117,0,0,100,0,591,715,54,54,0,6,-135,0,0,100,0,67,169,47,143,0,-28,-121,0,0,100,0,45,34,24,30,0,-56,-119,0,1,100,0,520,139,70,40,0,4,-67,0,0,100,0,264,110,35,16,0,-2,-56,0,0,100,0,298,34,45,31,0,-42,-89,0,1,100,0,142,111,66,30,0,-29,-60,0,0,100,0,146,146,26,25,0,-22,-68,0,0,100,0,0,65,34,41,0,0,-89,0,0,100,0,367,99,64,35,0,-53,-63,0,0,100,0,382,593,27,23,0,-49,-51,0,0,100,0,415,596,21,18,0,-35,-56,0,0,100,0,466,594,20,17,0,-27,-44,0,0,100,0,153,181,52,50,0,15,-40,0,0,100,0,101,935,23,38,0,0,-89,0,0,100,0,254,417,88,92,0,-82,-43,0,0,100,0,663,47,66,53,0,-94,-125,0,0,100,0,332,657,66,62,0,-68,-138,0,0,100,0,448,522,138,64,0,-80,-6,0,0,100,0,141,0,61,14,0,-30,-6,0,0,100,0,141,0,61,14,0,
0,27,15,-98,0,1,100,0,582,685,38,31,0,15,-98,0,0,60,0,582,685,38,31,0,-21,-78,0,0,100,0,544,723,37,64,0,14,-58,0,0,100,0,251,121,13,16,0,-9,-116,0,0,100,0,70,36,33,22,0,-26,-72,0,0,100,0,601,773,35,13,0,-49,-122,0,1,80,0,521,180,69,47,0,-39,-117,0,0,100,0,591,715,54,54,0,6,-135,0,0,100,0,67,169,47,143,0,-28,-121,0,0,100,0,45,34,24,30,0,3,-68,0,0,100,0,264,127,37,18,0,-2,-56,0,0,100,0,342,34,44,30,0,-40,-92,0,1,100,0,203,49,62,35,0,-29,-61,0,0,100,0,146,146,26,25,0,-22,-69,0,0,100,0,0,65,34,41,0,-3,-89,0,0,100,0,304,136,63,35,0,-53,-64,0,0,100,0,382,593,27,23,0,-49,-51,0,0,100,0,415,596,21,18,0,-35,-56,0,0,100,0,466,594,20,17,0,-27,-44,0,0,100,0,153,181,52,50,0,13,-39,0,0,100,0,148,934,23,37,0,-83,-43,0,0,100,0,591,100,66,53,0,2,-93,0,0,100,0,341,413,85,98,0,-95,-123,0,0,100,0,397,618,66,56,0,-74,-139,0,0,100,0,586,520,148,65,0,-80,-6,0,0,100,0,141,0,61,14,0,-30,-6,0,0,100,0,141,0,61,14,0,
0,26,13,-59,0,0,100,0,251,121,13,16,0,0,-131,0,0,100,0,935,429,41,139,0,-18,-77,0,0,100,0,383,722,42,62,0,-53,-120,0,1,100,0,519,228,75,41,0,11,-70,0,0,100,0,265,144,34,19,0,0,-56,0,0,100,0,388,34,43,30,0,-18,-113,0,0,100,0,70,36,33,22,0,-38,-83,0,1,100,0,207,83,57,29,0,-28,-74,0,0,100,0,0,52,34,13,0,-36,-114,0,0,100,0,0,0,44,51,0,-37,-119,0,0,100,0,45,34,24,30,0,-3,-40,0,0,100,0,36,69,13,25,0,-29,-62,0,0,100,0,146,146,26,25,0,-22,-69,0,0,100,0,0,65,34,41,0,0,-89,0,0,100,0,367,137,60,33,0,-53,-66,0,0,100,0,382,593,27,23,0,-49,-53,0,0,100,0,415,596,21,18,0,-35,-56,0,0,100,0,466,594,20,17,0,-27,-44,0,0,100,0,153,181,52,50,0,14,-39,0,0,100,0,148,934,23,37,0,-80,-37,0,0,100,0,657,104,63,47,0,2,-92,0,0,100,0,426,414,85,97,0,-95,-123,0,0,100,0,464,616,66,61,0,-71,-140,0,0,100,0,734,519,143,67,0,-80,-6,0,0,100,0,141,0,61,14,0,-30,-6,0,0,100,0,141,0,61,14,0,
0,30,-89,-112,0,1,100,0,523,96,67,38,0,-22,-64,0,0,100,-90,251,121,13,16,0,-55,-110,0,0,100,0,70,36,33,22,0,-36,-153,0,0,100,0,103,0,40,142,0,-26,-153,0,1,80,0,103,0,40,142,0,-68,-70,0,0,100,0,0,52,34,13,0,-76,-111,0,0,100,0,0,0,44,51,0,-77,-116,0,0,100,0,45,34,24,30,0,-35,-71,0,0,100,0,56,68,19,18,0,-53,-65,0,0,100,0,214,113,38,26,0,-41,-72,0,0,100,0,4,111,29,50,0,-32,-41,0,0,100,0,36,69,13,25,0,-75,-89,0,1,100,0,142,79,57,32,0,-51,-70,0,0,100,0,0,65,34,41,0,-82,-60,0,0,100,0,74,1,32,25,0,-25,-76,0,0,100,0,265,92,34,17,0,-42,-88,0,0,100,0,302,100,62,34,0,-29,-63,0,0,100,0,386,0,46,34,0,-56,-58,0,0,100,0,466,592,22,20,0,-65,-57,0,0,100,0,287,729,86,53,0,3,-55,0,0,100,90,148,934,23,37,0,-20,-89,0,0,60,0,170,417,85,94,0,3,-89,0,1,60,0,170,417,85,94,0,-66,-44,0,2,50,0,599,49,61,49,0,-66,-44,0,0,80,0,599,49,61,49,0,-114,-138,0,0,100,0,316,598,65,61,0,-92,-139,0,0,60,0,301,523,140,63,0,-77,-139,0,1,40,0,301,523,140,63,0,-62,-6,0,0,100,0,141,0,61,14,0,-23,-6,0,0,100,0,141,0,61,14,0,
0,30,-92,-113,0,1,100,0,521,141,69,40,0,-23,-64,0,0,100,-90,251,121,13,16,0,-59,-110,0,0,100,0,70,36,33,22,0,-35,-153,0,0,100,0,103,0,40,142,0,-3,-149,0,1,40,0,103,0,40,142,0,-69,-71,0,0,100,0,0,52,34,13,0,-77,-111,0,0,100,0,0,0,44,51,0,-76,-116,0,0,100,0,45,34,24,30,0,-36,-71,0,0,100,0,56,68,19,18,0,-54,-65,0,0,100,0,214,113,38,26,0,-40,-72,0,0,100,0,4,111,29,50,0,-31,-41,0,0,100,0,36,69,13,25,0,-75,-89,0,1,100,0,142,79,57,32,0,-51,-70,0,0,100,0,0,65,34,41,0,-81,-61,0,0,100,0,74,1,32,25,0,-23,-76,0,0,100,0,265,109,36,17,0,-36,-88,0,0,100,0,367,100,62,34,0,-29,-63,0,0,100,0,297,33,46,31,0,-57,-58,0,0,100,0,466,592,22,20,0,-63,-50,0,0,100,0,292,784,78,50,0,-5,-56,0,0,100,90,175,931,23,37,0,-1,-89,0,0,100,0,256,418,85,94,0,-17,-89,0,1,60,0,256,416,85,94,0,-64,-44,0,2,50,0,599,49,61,49,0,-64,-44,0,0,80,0,599,49,61,49,0,-114,-138,0,0,100,0,266,659,65,61,0,-83,-139,0,0,100,0,447,522,140,63,0,-67,-132,0,1,40,0,446,522,140,63,0,-62,-6,0,0,100,0,141,0,61,14,0,-23,-6,0,0,100,0,141,0,61,14,0,
